actor,community
עדנה פלידל,1
סמירה סרייה,1
אברהם אסיאו,1
עדה ואלרי טל,1
לייב לב לוין,1
יהודה פוקס,1
סמדר קילצ'ינסקי,1
ישראל פוליאקוב,1
גיל אלון,1
רענן חפץ,1
רפי בוקאי,1
קרול מרקוביץ',1
מוטי בן ישי,1
אלונה שאולוף,1
איילת זורר,1
רותי נבון,1
נסים זוהר,1
גבי שושן,1
חיים זנאתי,1
אביב בוכלר,1
תמרה קליינגון,1
גיל פרנק,1
אביעזר יערי,1
אלייזה וינטראוב,1
נילי צרויה,1
אולי לאור,1
הדס ירון,1
שולי רנד,1
תומר שטיינהוף,1
דבי בסרגליק,1
עמוס לביא,1
סנדרה שדה,1
דור סרוגו,1
כרמל בין,1
טינקרבל,1
גל הויברגר,1
יעקב כהן,1
ג'יטה מונטה,1
מירי פביאן,1
מרט פרחומובסקי,1
מנחם לאנג,1
יורם חטב,1
עדי שיר,1
מרים זוהר,1
אבי הררי,1
אולי שטמברג,1
ענת לירי,1
שי אביבי,1
קארין אופיר,1
מייקל הרפז,1
אסתר זבקו,1
אמנון וולף,1
אסי דיין,1
רדה זרבדג'ה,1
איתן בלום,1
תמר שם אור,1
שירה גפן,1
תומר רוסו,1
ברק פרידמן,1
שוש מרציאנו,1
נטלי עטייה,1
סימון אבקריין,1
עמוס קולק,1
נגה הלפרין,1
ריטה שוקרון,1
פיצרייה,1
אריאל כהן,1
אבי גילאור,1
יהודה ליזרוביץ,1
מריה פלאם,1
יוסוף אבו ורדה,1
דן תורג'מן,1
ברק הנגבי,1
שמרית לוסטיג,1
יעל יעקובוף,1
יובל זמיר,1
ששי סעד,1
שרון צוקרמן,1
הדס פורת,1
יבגני מוליבוגה,1
אור לומברוזו,1
אלברט אילוז,1
דנה כהן,1
גילי בן אוזיליו,1
אורנה פורת,1
ג'ורג' קוראפייס,1
דני ריטנברג,1
אורי ידלין,1
האב,1
ינאי גירון,1
טוני פק,1
אנדריי קשקר,1
רז דדי,1
גולן אזולאי,1
ציפורה הלר,1
נדב נייטס,1
שושה גורן,1
יהושע סובול,1
ג'וש לוקאס,1
יעקב איילי,1
חיים בוזגלו,1
בתיה בר,1
ליה קניג,1
רן קאושינסקי,1
רבקה נוימן,1
אור אדרי,1
יהונתן מגון,1
בנימין יגנדורף,1
אורי ורדי,1
טל קפיטולניק,1
דורון ליניק,1
אורי רן קלאוזנר,1
עופרי פרישקולניק,1
סוליקה קדוש,1
קונסטנטין אנטול,1
יפתח קצור,1
רונית יודקביץ',1
נירה רבינוביץ',1
חני פירסטנברג,1
נח שלו שלומוביץ,1
רונית אלקבץ,1
יובל כרמי,1
פיני מיטלמן,1
אלסנדרה מוסוליני,1
קובי רגב,1
פיי דאנאוויי,1
גילי סער,1
נטע מורן,1
יוסף כרמון,1
לאורה ריבלין,1
שי אלקיים,1
ישי גולן,1
אביטל אברג'יל,1
אימרי ביטון,1
טניה סובול,1
דניאל קיציס,1
לירון לבו,1
דליה בגר,1
האם,1
אברהם זגדון,1
אסף אשתר,1
אלוף,1
גלעד כהן,1
ז'ילבר מלכי,1
הלנה ירלובה,1
דורית לב ארי,1
רחל דיין,1
קארן יאנג,1
מיכאל ורשביאק,1
גבי,1
סשה דמידוב,1
שירן,1
מוחמד חרזאללה,1
הילה רוח,1
מיטל נר,1
טל בן בינה,1
אלי טל,1
איגור מיקרובנוב,1
כליל חורש פרחי דקל,1
קוסטה קפלן,1
לואיס רוזנברג,1
אלדד פריבס,1
טס השילוני,1
גל זייד,1
לימור גולדשטיין,1
איקה זוהר,1
מעיין תורג'מן,1
אלי בן רעי,1
אברהם הלר,1
קובי ליבנה,1
דבורה קידר,1
משי קליינשטיין,1
יהודה אפרוני,1
יוני להב,1
יואב בבלי,1
סימור דניאל,1
דורי גולדשטיין,1
עלית קרייז,1
מארק רוזנבאום,1
ריקי גל,1
שחר סורק,1
אינט כהן,1
יוסי יזרעאלי,1
אביטל דיקר,1
נורית גלרון,1
הלל נאמן,1
קובי זיסלין,1
אילן נוב,1
ג'וליה לוי בוקן,1
טינקרבל (רוית רוזן),1
עזרא דגן,1
הדר אביגד,1
אבשלום פולק,1
סיון שביט,1
ענת עצמון,1
ישראל גוריון,1
אלמה דישי,1
אור אילן,1
יצחק (פיצ'ו) בן צור,1
בר רפאלי,1
סי היימן,1
נתן נתנזון,1
נס בר נחום,1
אורי אלבי,1
אביבה גר,1
ריימונד אבקסיס,1
איציק זוהר,1
יגאל רנזיק,1
סלבה צ'פלין,1
סימן טוב בנימין,1
יוסי וירז'נסקי,1
דנה זילברשטיין,1
שירי גולן,1
שמואל שילה,1
סנדי בר,1
נעמי הררי,1
דבורה ברטונוב,1
יותם גוטל,1
מוחמד בכרי,1
שמחה זיו,1
אבי אבוטבול קידר,1
דור צויגנבום,1
איתן גולד,1
רמי דנון,1
תומי יואל,1
גיל קופטש,1
ארנון צדוק,1
אלי זעירא,1
אלקי ג'ייקובס,1
מוריה בן הרוש,1
אבא אבן,1
שלמה בסן,1
שרון אלכסנדר,1
יואב צפיר,1
רות גלר,1
יונתן רוזן,1
ריימונד אמסלם,1
טדי קולק,1
בועז רימר,1
דנה מודן,1
דורון בן דוד,1
בועז שרעבי,1
פיליס סומרוויל,1
עירית פרנק,1
דוד קיגלר,1
הנרי גרסין,1
אורלי רות פלדהיים,1
נעמה יעקובוף,1
שלמה תרשיש,1
עירית שילה,1
גיא לואל,1
דניאל נפוליטאנו,1
אמונה צבי,1
אנרי גרסין,1
יבגניה דודינה,1
ירון לוי סבג,1
אגם אוזלבו,1
אוהד שחר,1
אביגיל הררי,1
יוסי יבלונקה,1
דניאל ברוק,1
רני בלייר,1
מיכאל שניידר,1
רבקה גור,1
חנוך רעים,1
יוסי טולדו,1
ויטלי פרידלנד,1
זאב שמשוני,1
משה פרסטר,1
נועה אסטנג'לוב,1
אברהם סלקטר,1
משה מזרחי,1
מכרם חורי,1
גידי גוב,1
עדי טופול,1
אורי זוהר,1
"אזרח עובד צה""ל",1
דוד דנינו,1
אקי אבני,1
אסטבן גוטפריד,1
שלום שמואלוב,1
שמיל בן ארי,1
אפרת בן צור,1
יוסף אל-דרור,1
זיזי (זוסיה) קניאזר,1
פלורה סעדה,1
אכראם תלאווי,1
דנה פרנס,1
שלמה (מומו) רז,1
חנה דרורי קשי,1
רותי בורנשטיין,1
מירי מסיקה,1
יולי בארי,1
יעקב בנאי,1
סימון אבקריאן,1
טלי שרון,1
גלי בן-נר,1
איתמר גלוקסמן,2
מל מלכה,2
עביר חדאד,2
נילס ארסטרופ,2
רינת מטטוב,2
רוזינה קמבוס,2
שרדי ג'בארין,2
עזרא כפרי,2
יונתן אלסטר,2
הילי ילון,2
ניסים לוי,2
צחי גראד,2
גיווי צ'וגואשווילי,2
מיטל דוהן,2
קובי מרציאנו,2
מיכאל מושונוב,2
אשרף ברהום,2
שרון צור,2
סיגלית פוקס,2
דובר קוסאשווילי,2
לילי קוסאשווילי,2
ליביה חכמון,2
טל גינת,2
יוסף המספר,2
ראג'ב אבו רוקון,2
אנסטסיה צ'נטוראיה,2
איה קורן,2
אייל שכטר,2
תהל רן,2
איתי שור,2
רונית פלד,2
כרמל בתו,2
יוסף סוויד,2
איציק עצמון,2
עמרי פירר,2
אלי דנקר,2
ליילה מלקוס,2
דני רוזנברג,2
רונן דוידוב,2
פלנגיסט,2
שירה פרבר,2
מחמוד מור,2
רות רסיוק,2
מיטל גל סויסה,2
דב פרידמן,2
דודו טסה,2
אסי הנגבי,2
אינה בקלמן,2
אורי לוי,2
עדי קפלן,2
אלעד שרעבי,2
להחליפה בתמונה חופשית,2
זהר שטראוס,2
רולנד אוקרופירידזה,2
סבינה רוזנברג,2
פולי רשף,2
יעקב שפירא,2
רות פרחי,2
"יוסף ""ג'ו"" סוויד",2
נלי תגר,2
יואב דונט,2
מירה עווד,2
זיגמונד פרויד,2
אריק איינשטיין,2
רון שחר,2
דינה דורון,2
שני קליין,2
נתן רוזנברג,2
ברונו גנץ,2
גלעד כהנא,2
סאלח בכרי,2
תמי ברק,2
עלי נאסר,2
מלי לוי גרשון,2
אביבה יואל,2
אילן דר,2
מנחה טלוויזיה,2
חלי טויטו,2
שלומי אברהם,2
תאמר נפאר,2
דיאנה גולבי,2
אירן ז'קוב,2
נטע ריסקין,2
מאטה טדוראדזה,2
ארתור פרי,2
רפי אדר,2
צנחנים,2
נעמי פולני,2
עפרה ויינגרטן,2
שולמית אדר,2
רביע חורי,2
סאלי אן פרידלנד,2
מוני מושונוב,2
רון יגרמן,2
אמיר טסלר,2
תומר קאפון,2
קנוט ברגר,2
רעות לב,2
אלכסנדר יהלומי,2
נטלי פורטמן,2
עידית צור,2
תמר לוי אלדר,2
אלי דור חיים,2
יוסף אבו ורד,2
נטשה מנור,2
יעקב בודו,2
תמר אלקן,2
מיקי גבע,2
קרולינה פיטרס,2
חיים בנאי,2
איגור מירקורבנוב,2
שימוש הוגן,2
דגנית ברק,2
אושרי כהן,2
ירוסלב יעקובוביץ',2
אלעד קידן,2
נעה בירון,2
יעל פרל בקר,2
רודיה קוזלובסקי,2
איתי טיראן,2
מתייה אמלריק,2
מנשה ורשבסקי,2
יונתן השילוני,2
דנה מיינרט,2
ריטה זהר,2
יוסי ידין,2
יובל סגל,2
בר בלפר,2
שלמה בראבא,2
ג'ני פליישר,2
אביטל פסטרנק,2
אורית שר,2
יסמין עיון,2
רוב שניידר,2
דוד ברקוביץ',2
טוני טין,2
ח'אולה דיבסי,2
רמי דוידוף,2
דנה עדיני,2
בקי גריפין,2
רוני קובן,2
אורי קלאוזנר,2
ריטה זוהר,2
קרן מור,2
סיגלית תמיר,2
דן מנור,2
מנשה נוי,2
רונה ליפז-מיכאל,2
עידית טפרסון,2
מיכאל הנגבי,2
לארי בצ'ינס,2
מרק רוזנבאום,2
עמוס עוז,2
ניסן נתיב,2
דורית בר אור,2
שרית ברוך-סרי,2
פיפו דלבונו,2
גיא מרצ'ו,2
יוני רכטר,2
אינה רוזנברג,2
אריה קלוזנר,2
יונית טובי,2
ערן פסח,2
ענבל ניר (בר אור),2
ליאור אשכנזי,2
אלי כהן,2
צבי שיסל,2
גליה סודרי,2
אהובה קרן,2
אדם קנת,2
שושיק שני,2
דודיק סמדר,2
עדי טרר,2
אמה דה קון,2
אלברט איינשטיין,2
זורה קרטבלישוילי,2
סמדר יערון,2
שני בן חיים,2
יהודית רביץ,2
גדעון שמר,2
ארי נשר,2
אברהם מור,2
אפרים שמיר,2
ז'אק כהן,3
איציק קונפינו,3
ענת זמיר,3
אילור הרפז,3
יהודה אטלס,3
נעם מאירי,3
מרתה רתיק,3
מוטי חביב,3
גיל דסיאנו ביטון,3
חיים אלמקיס,3
חני פרי,3
נירו לוי,3
נעמה שנדר,3
קרוליין לנגפורד,3
טוני ברמן,3
יהונתן דנינו,3
שרון רג'יניאנו,3
לני רביץ,3
רונן ברגמן,3
רינה פדווה,3
אורי סטריקובסקי,3
שמעון ישראלי,3
אירית סוקי,3
גרגורי טל,3
ג'וני ערביד,3
יעקב רונן מורד,3
יוסף קמר,3
שאול מזרחי,3
סילביה דרורי,3
סמדר סייר,3
נתן זהבי,3
משה אלבוחר,3
כרמל חיר,3
גדי סבן,3
גדעון זינגר,3
אלי תבור,3
הרצל חבקוק,3
יוסי אולו,3
איתי תורג'מן,3
אורי שמיר,3
ג'וליאן שגרן,3
שלישיית מה קשור,3
הוגו ירדן,3
סיאבונגה מלונגיסי שיבה,3
אמנון דנקנר,3
גלי שקדי כהן,3
מיכל גבריאלוב,3
גאולה נוני,3
יונה אליאן,3
יוסי קינן,3
יו מסנזה,3
חן גואטה,3
אמיר שהסאר,3
קייס נאשף,3
אלי חבקוק,3
כוכבה הררי,3
זארה ורתניאן,3
דני שטג,3
גדי רבינוביץ,3
סיאבוננגה מלונגיסי שיבה,3
תמרה דיין,3
מיכה אוזין סליאן,3
חנה רוט,3
רמי עמית,3
איגור בוריסוב,3
אברהם אבוטבול,3
דפנה דקל,3
רולנדה שגרן,3
אירינה סלזניובה,3
סימון רוזנפלד,3
מנחם עיני,3
חן שילוני,3
מיכל בת-שבע רנד,3
דין ליאור,3
יגאל שילון,3
אנה סטפן,3
מוניקה ורדימון,3
איילת מנחמי,3
זהבה בן,3
גור יערי,3
שלומית טריגר-הגואל,3
אלי גלפרין,3
רות סגל,3
יהודה ברקן,3
רונית ויגלר,3
משה אבגי,3
אמנון פישר,3
יעל לבנטל,3
איילת קורץ,3
זאב רווח,3
ברי סימון,3
דודו טופז,3
גילי נגר,3
אריאל זילבר,3
אורי אלטר,3
עפרה וינגרטן,3
ג'יזל סילבר,3
לנה אטינגר,3
גילת אנקורי,3
יפתח אופיר,3
מוסקו אלקלעי,3
דן בן-ליאור,3
דוד (דייב) בנבניסטי,3
פיני קידרון,3
דניאל דיין,3
ששי קשת,3
מרים נבו,3
דרור גבע,3
יוסף קליינר,3
מירב דמארי,3
אלי אלטוניו,3
שבתאי קונורטי,3
אוראל טימסית,3
אורי גבריאל,3
מושון אלבוחר,3
אריה מוסקונה,3
מתנאל זיו,3
צפריר קוחנובסקי,3
שפרה מילשטיין,3
ניצה שאול,3
סנדרה שונוולד,3
סער בדישי,3
לאה שלנגר,3
מריה אובנוב,3
אורון אבידן,3
חנן גולדבלט,3
מתן וילנאי,3
יגאל עדיקא,3
הלל מיטלפונקט,3
אורן יאדגר,3
דפנה רכטר,3
אייל גפן,3
גבי דן,3
דובי גל,3
מארק אליהו,3
שי אידלסון,3
גבי עמרני,3
אריה אליאס,3
לורנס בוברד,3
ג'וליה מסלאווי,3
פאבל ציטרינאל,3
אורי בנאי,3
אתי אנקרי,3
מירי בן-חיים,3
אדר גולד,3
והינה ג'יוקנטה,3
פרנקו נרו,3
רוני בליץ,3
סלים דאו,3
אתל קובינסקה,3
נתן רביץ,3
לובנה אזאבל,3
שמעון סיאני,3
יהודה בארקן,3
משה טימור,3
פלורנס בלוך,3
ווסולוד גברילוב,4
אוראל צברי,4
תומר קפון,4
פטריק סטיוארט,4
נחום שליט,4
מוריס כהן,4
עמית יגור,4
איציק קריחלי,4
רינה שיינפלד,4
רמי קאשי,4
רוני נתנאל,4
עינת שרוף,4
אפרת דור,4
גיא כהן,4
נועה קולר,4
סער פין,4
אפרת בוימולד,4
אורלי קטן,4
מיכל פורס,4
עומר נודלמן,4
דניאל אסייג,4
לוטם טושינסקי,4
אדי מוכתר,4
יעל בר זוהר,4
שאדי מרעי,4
רועי אסף,4
תימור כהן,4
דורון אברהמי,4
דר זוזובסקי,4
רודי סעדה,4
יזהר כהן,4
דיקלה,4
ולנטינה בויקו,4
יניב סוויסה,4
ג'ייד הדס סקורי,4
ולדימיר נדסקובסקי,4
ליאנה עיון,4
גל לב,4
דודי גודר,4
שלמה בר-שביט,4
גיל בלנק,4
נטליה שוורץ,4
נועה קירל,4
עמית רהב,4
ששון גבאי,4
רבקה בכר,4
אלון לוי,4
אסתי ירושלמי,4
אבי טולדנו,4
אורי לייזרוביץ',4
ערן בן זאב,4
איציק כהן,4
לאוניד קנייבסקי,4
חן אמסלם,4
עומר דרור,4
יפית אסולין,4
תמיר מתוק,4
הלל קפון,4
שמוליק כהן,4
שמעון אמין,4
שמוליק שילה,4
ליאור דובדבני,4
שיפוצניק,4
ביאטריס הל-ריץ,4
יריב הורוביץ,4
רותם זיסמן כהן,4
בנימין שובה,4
ליטל שוורץ,4
טוגו איגוואה,4
שרה פון שוורצה,4
ינון כהן,4
מורן גרוס,4
אנסטסיה פיין,4
תחיה דנון,4
אליה לסרי,4
מרלן בג'אלי,4
אורלי בן גרטי,4
אוולין הגואל,4
הייתאם עומארי,4
שרלין חזיזה,4
סופיה אוסטריצקי,4
איתמר קיגלר,4
עופר חיון,4
סיון נועם שמעון,4
יגאל נאור,4
לינור אברג'יל,4
עדנה בליליוס,4
חי דוידוב,4
אורי לייזרוביץ,4
שלום אסייג,4
לאונן,4
רותי גולדברג,4
סכיזופרן,4
דני רייספלד,4
ליאלי אלקון,4
הדר רצון-רותם,4
בועז קונפורטי,4
נריה זהבי,4
אסתר כהן,4
אסי לוי,4
הרצל טובי,4
"שפת הבי""ת",4
אור עדי,4
דביר בנדק,4
יהונתן סגל,4
עונג אפרון,4
גיא עמיר,4
יעל אבקסיס,4
דנה פרידר,4
חנן סביון,4
יוסי עיני,4
מודי בר-און,4
אלי נוס,4
גיא אריאלי,4
דניאל סטיופין,4
ריימונלד אמסלם,4
מיכל לוי,4
חן אמסלם-זגורי,4
עדי אלון,4
עדי הימלבלוי,4
שלומי קוריאט,4
דניאל גל,4
שירי מימון,4
דודו ניב,4
אופירה רחמים,4
החוזר בתשובה,4
אליעד נחום,4
אריק משעלי,4
לין אשרוב,4
נורית סיבוני,4
נועה וולמן,4
מישל מישייב,4
גלי רשף,4
מור פולנוהר,4
מאור לוי,4
אושיק לוי,4
אהובה בץ,4
אלה אולמן,4
עפר שכטר,4
מעיין בלום,4
ליאת הר לב,4
לבנה פינקלשטיין,4
תקווה עזיז,4
שרון אלימלך,4
ידידיה ויטל,4
צחי הלוי,4
עידן עמדי,4
ז'וזפין דראי,5
איתן לונדנר,5
מיכאל גולן גלמי,5
שלמה וישינסקי,5
רביד רונן,5
אודי גוטשלק,5
רחלי חיים,5
בילי,5
מיכאל גבעתי,5
מיכל ינאי,5
אורי הוכמן,5
אנג'לה שטיינגרט,5
עידו ברטל,5
אלי יצפאן,5
הילה נתנזון,5
שחר חסון,5
מתנה משמיים,5
נתי רביץ,5
ג'נלין זוניו לוט,5
מתן לקס,5
אריה צ'רנר,5
פסטיבל הסרטים הבינלאומי חיפה,5
רביד פלוטניק,5
שרונה אלימלך,5
דלית זריהן,5
ליאור כלפון,5
עדי ביטי,5
ליאת אזר,5
ג'ימבו ג'יי,5
גיא מרוז,5
מיקי לאון,5
יעל פוליאקוב,5
אורלי ויינרמן,5
אלכסנדר פהלינג,5
צילי,5
דודו ארז,5
מארינה מקסימיליאן בלומין,5
דנה אברהם-סמו,5
טל גרושקה,5
אלכס,5
טונה,5
רבקה מיכאלי,5
פזית ירון מינקובסקי,5
אלי בן דוד,5
אלירן כספי,5
עידן כרמלי,5
מרינה שויף,5
אמיר בנאי,5
אילנה ללצ'וק,5
מאיר סויסה,5
יונתן עוזיאל,5
אגם רודברג,5
שירה לוי,5
יובל שם-טוב,5
עמית מורשת,5
עמי סמולרצ'יק,5
מוריה אקונס,5
יעל נבי,5
תמיר בר,5
מוטי גלעדי,5
אברהם ארנסון,5
ישי סוויסה,5
קווין רובין,5
עידן אלתרמן,5
רוני דואני,5
נמרוד הוכנברג,5
אורי בלופרב,5
רבקה רז,5
דורי נאומנקו,5
אלון נוימן,5
אקו מורגנשטרן,5
ירון עצמון,5
ניצה רייס,5
נואל ברקוביץ',5
יעל שלביה,5
יטוס,5
מלי לוי,5
דרור טפליצקי,5
איציק פצצתי,5
מיכל צפיר,5
נאיה פדרמן,5
יוסי פולק,5
לוסי איוב,5
קסם ויינברגר,5
שרגא הרפז,5
מיה,5
לירון לב,5
נועם קלינשטיין,5
עמית אולמן,5
פלד,5
חיים אוסדון,5
כרמית לויטה,5
ירמי אומני,5
אורנה שיפריס,5
מיכל ויצמן,5
אסף,5
דנה מכטיי,5
יואב הייט,5
שמואל גולדשטיין,5
מיכאל סוויסה,5
יעל טוקר,5
יעלה רם,5
יאיר נשר,5
קונטסה,5
ענת ברזילי,5
אור יעקב,5
אלין לוי,5
יהורם גאון,5
עידו מוסרי,5
אורנה פיטוסי,5
איילת הלפרן,5
מאי ז'פקו,5
ריימונד בגסטין,5
דץ הבלץ,5
יואב בר לב,5
גילי,5
עמי אנידג'ר,5
שרון מלכי,5
מאיר סוויסה,5
רומי אבירם,5
ירון מוטולה,5
גיא זו-ארץ,5
לירון אורפלי,5
ענת אלימלך,5
אבי אוריה,5
חנה'לה,5
מעיין קרת,5
עידן תלם,5
משה דץ,5
טל פרידמן,5
חני נחמיאס,5
נועה,5
איתמר פלג-גינזבורג,5
נועה מצנר,5
ראובן שיבק,5
אילן גנני,5
לי את גליק,5
שמוליק לוי,5
און רפאלי,5
מיכל טרבס,5
רונן הופמן,5
הילה ערן,5
יובל לוי,6
שי ליבני,6
יפתח קליין,6
דניאלה חלפון,6
ציפי מייזלר,6
ורוניקה ניקול,6
תמיר גינזבורג,6
רננה רז,6
ינון קנר,6
נועם לוגסי,6
אריאל נוביק,6
מורי שרם,6
מומו טרלובסקי,6
איילת אפשטיין,6
ניב סולטן,6
טל מוסרי,6
רוברט הניג,6
רפי,6
יהונתן וילוז'ני,6
עודד פז,6
ענת וקסמן,6
נרונה קפלן דה מאסדו,6
ויקי לין,6
מריה זריק,6
עופר סקר,6
מאיה גסנר,6
נטע ענבר,6
יעל טל,6
אבי נשר,6
נורמאן עיסא,6
כרמן מאורה,6
רזיה ישראלי,6
נור פיבק,6
פלאשבק,6
ליהי אברמסון,6
ואנגליס מוריקיס,6
ישראל ויסלר (פוצ'ו),6
קאי פקר,6
מירב פלדמן,6
אבי דנגור,6
דניאל ברוסובני,6
נעמי,6
מילי עשת,6
צביקה פישזון,6
שרית וינו אלעד,6
בר מיניאלי,6
עירית שלג,6
מיכאל וייגל,6
מאיה עידו,6
עדי ארד,6
ביאה ברוקס,6
סתיו סטרשקו,6
איטן גרינברג,6
ג'מיל ח'ורי,6
רובא בלאל,6
נתי קלוגר,6
שרון מלכי-שמש,6
אדם גבאי,6
פטריק קלי,6
נמרוד פלג,6
חיים שריר,6
נטע בר רפאל,6
זיינב מנסור,6
רוני דלומי,6
עופר גרינברג,6
רוני יוריה,6
זאב טנא,6
נצנת מקונן,6
ציון אשכנזי,6
אליה דהן,6
מלאני פרס,6
הלנה חייט,6
דני לשמן,6
באוצ'י צ'אן,6
פאולה קרו,6
יהב גולדנברג,6
אילנית בן-יעקב,6
אריאן לאבד,6
שירי לוטן,6
גאיה טראוב,6
ויקטור עידה,6
ארז עובד,6
ליר כץ,6
עידו סמואל,6
ליאור בסון,6
שושנה דואר,6
שמעון מימרן,6
שמעון כהן,6
אלון אבוטבול,6
ברק גרינברג,6
מיכל,6
זוהר ז'נט סבג,6
פלסטינית,6
קלרה ח'ורי,6
רן קפלן,6
קובי מחט,6
רוי בוטבול,6
עירית נתן בנדק,6
יערה ביסטרי,6
פונו מסיני,6
יואב סעידיאן רוזנברג,6
דנה ידלין,6
סוול אריאל אור,6
מרים בנאי,6
מיכה סלקטר,6
יאיר רובין,6
אדם הירש,6
עומרי אשין,6
אורנלה בס,6
יהודה מור,6
מעיין אליאסי,6
דפנה שפיגלמן,6
חיים,6
רועי גולן,6
מילי אביטל,6
אביב אלקבץ,6
מנחם צברי,6
פליט,6
ג'לאל מסראווה,6
קובי פרג',6
נטע וינר,6
בתיה לנצט,6
שירן הוברמן,6
מכרם ח'ורי,6
נגב,6
הילה פלדמן,6
יורם טולדנו,6
מיקי קם,6
דנה ברגר,6
אילן רוזנפלד,6
עידן ברקאי,6
הדר לוי,6
טום מרסייה,6
היאם עבאס,6
שלומית הגואל-טריגר,6
יפתח קרזנר,6
שרון בר-זיו,6
סוזן סדלר,6
דורית פלד הרפז,6
ענת מנדלסון,6
עלי סלימאן,6
יורם הוניג,6
ערן זרחוביץ',7
עלא דקה,7
גילי איצקוביץ',7
אלעד וויסמן,7
תיקי דיין,7
גאיה גור אריה,7
שי פיינברג,7
ג'וליאן נגולסקו,7
גל אמיתי,7
אדיר מילר,7
תום גל,7
נוה צור,7
אילאי ברז'נסקי,7
דניאל גד,7
אמיר שורוש,7
דניאל מורשת,7
דרור קרן,7
יונתן ברק,7
סרן,7
תום אפלבאום,7
עדי גילת,7
הילה די-קאסטרו,7
אסתי זקהיים,7
גיל וייס,7
אורנה כץ,7
שירן סנדל,7
טל טירנגל,7
ג'ואנה סעיד,7
מיה דגן,7
ליר עיסא,7
אופק פסח,7
שירה נאור,7
נטע פורת,7
בוגלרקה קאוש,7
תובל שפיר,7
דניאל ליטמן,7
פטר לינקה,7
הולגר ירמיש,7
נואה סילבר,7
עופר שכטר,7
פאני ארדן,7
יואב רוטמן,7
נעמה אמית,7
ירדן בר-כוכבא,7
מולי שולמן,7
בת-אל פאפורה,7
רוני הדר,7
מפקד,7
אביעד בנטוב,7
יעל שטולמן,7
דנה סמו,7
מעיין לאוב,7
אבי סרוסי,7
נטע רוט,7
מיכל שטמלר,7
ידין גלמן,7
אירינה פטרסקו,7
אניה בוקשטיין,7
לאה לב,7
ג'ון הרט,7
אלי קרן-אסף,7
תומר שחורי,7
דורון תבורי,7
נועם אימבר,7
אולג לוין,7
יואב קרן,7
נועם כרמלי,7
דודו באוכנר,7
דור הררי,7
אמור הדריה,7
מנדי ברששת,7
רוני נדלר,7
תומר פישמן,7
כרמל נצר,7
נתן גושן,7
אמל מורקוס,7
דב נבון,7
אליאנה תדהר,7
אלון גור אריה,7
יוליה טגיל,7
אנה בלוג,7
גלעד לדרמן,7
קארין כהן,7
ניב מג'ר,7
לני כהן,7
דובל'ה גליקמן,7
עמית פרקש,7
יניב ביטון,7
בן סלע,7
לי גילת,7
תמיר ביידר,7
קלרינט,7
חגית בן עמי,7
דאנה איבגי,7
צ'רבה קרקס,7
יותם קושניר,7
גיל כהן,7
שני כהן,7
מארק איווניר,7
מיכל רדלוס,7
ג'וי ריגר,7
דין גרבר,7
איתמר מלול,7
קרן פלס,7
ירדן ג'רבי,7
עבדאללה עקל,7
גורי אלפי,7
סוזנה פפיאן,7
אסיל פרחאת,7
שראל פיטרמן,7
עודד מנסטר,7
דני גבע,7
טלי אורן,7
שירי נדב נאור,7
נועם שנהב,7
הלל ינאי שני,7
טייסת,7
אסתר מרטון,7
אילן קובץ',7
אורית זפרן,7
מיכל מנור,7
עתליה זהבי,7
טל שפר,7
דומיניקה בירו פנה,7
נווה צור,7
אביבה אבידן,8
טאקו טבטדז,8
דפי שושנה אלפרן,8
הנרי דוד,8
אנטון אוסטרובסקי,8
מיכאל רוז'צקי,8
לירון וייסמן,8
לביא זיטנר,8
אולגה קורילנקו,8
נטע גרטי,8
דניאלה וירצר,8
ורוניקה קלנדרישבילי,8
ולדימיר פרידמן,8
לירז צ'רכי,8
לאון פרודובסקי,8
אייל שיראי,8
אור אטיקה,8
דניאל דמידוב,8
סלבה ביברגל,8
יצחק קרמניצר,8
דוד שאול,8
גלוריה בס,8
יואב סעדיאן רוזנברג,8
קופנגן,8
אביגיל אריאלי,8
עדל אבו ריא,8
אורי כץ,8
ליהי קורנובסקי,8
רוני מרחבי,8
ניר צויקל,8
יותם ישי,8
אסי ישראלוף,8
גני תמיר,8
שלומי אוחיון,8
רועי ניק,8
נינט טייב,8
דוד וולך,8
ניר מליק,8
אנחל בונני,8
ציון ברוך,8
נעמי לבוב,8
ארז דריגס,8
שיפי אלוני,8
דורון צברי,8
פרמיט סטי,8
רותם אבוהב,8
אילן עיני,8
חנה אזולאי-הספרי,8
איתמר רוטשילד,8
שלום מיכאלשווילי,8
אולגה ברדוקוב,8
ליז רביאן,8
אמה מדינג,8
יפתח רוה,8
רותם זיסמן,8
אסף סולומון,8
שרון לנגר,8
עדי פלדמן,8
יון תומרקין,8
נועה ברקאי,8
מרינה מקסימיליאן,8
קרוטיקה דסיי,8
קארין סרויה,8
יובל דיין,8
אלישבע וייל,8
מריה בלקין,8
זהבית פסי,8
סיון מסט,8
סיני פתר,8
רונית יודקביץ,8
רגל עץ,8
אנסטסיה ספונוב,8
נדב אבקסיס,8
אילן חזן,8
דפנה ארמוני,8
שרי גבעתי,8
אלכסנדר סנדרוביץ,8
רובי פורת-שובל,8
עמוס תמם,8
נכה,8
תום חגי,8
נועה בן גיגי,8
אוליאנה סתווי,8
סשה אגרונוב,8
יפתח רווה,8
עמית געש,8
עודד לאופולד,8
שייקה אופיר,8
אלון ליסי,8
נדיה קוצ'ר,8
ירון ברובינסקי,8
ליאת גורן,8
אביה מלכה,8
מיכל ורשאי,8
יעל גרובגלס,8
דניאל ג'יידלין,8
רותם קינן,8
צק ברקמן,8
אמירה גרון,8
אני אימנדזה,8
ז'אן בן גיגי,8
אלכס קלניוק,8
ישראל קטורזה,8
יובל ברגר,8
אלון פרידמן,8
נעמה שטרית,8
יאנה גור,8
ענת רבניצקי,9
גלעד פרלמן,9
הילה וידור,9
דינה בליי-שור,9
לטי גרובמן,9
יציאה מהארון,9
איריס פן,9
מייקל קביה אהרוני,9
עומר עציון,9
גיא לובלצ'יק,9
קטיה גור,9
דינה לימון,9
עדן מאירי,9
לונא מנסור,9
צביקה הדר,9
מאיר תמם,9
עדי חבשוש,9
דריה פורמן,9
יוליה פלוטקין,9
איתמר ינאי,9
אוריה מלכה,9
משה אשכנזי,9
חגי עמיר,9
יונס,9
סטפני מרידה,9
קרן ברגר,9
פאולה טירדו,9
יעל פדן,9
צחי חנן,9
ישראל קסלר,9
לי בירן,9
נוני גפן,9
דניאלה קרטס,9
אסף משיח,9
עידו אליאלי,9
ג׳מיל ח׳ורי,9
רחל אדרי,9
ריטה,9
אביתר אדרי,9
חן יאני,9
אורי ביטון,9
בר זומר,9
סיוון מסט,9
איריס ברנע,9
שלו גלבר,9
מג'ד ביטאר,9
אמיתי יעיש בן אוזיליו,9
ישראל אטיאס,9
ליעוז לוי,9
סתיו ינאי,9
תום גרציאני,9
יובל ינאי,9
יגאל עמיר,9
אבו עמר,9
לוסי אהריש,9
ליאת גליק,9
קים אור אזולאי,9
דון נדל,9
אדריאנו חאובל,9
עידו זייד,9
שון מונגוזה,9
חואן פאבלו אוליסלאגר,9
יואב לוי,9
ינקול גולדווסר,9
מתן אברבך,9
עמי ויינברג,9
דוד דנינו (שחקן),9
אמיר וולף,9
יהודה נהרי הלוי,9
מירב גרובר,9
זבולון מושיאשווילי,9
ניר כנען,9
מאיה עשת,9
אסנת פישמן,9
ארקדי שוסטר,9
איציק ג'ולי,9
שרון טל,9
מיכאל כפיר,9
חואן פרידמן,9
רינן חיים,9
רענן פז,9
קאיס נאשף,9
אייל רוזלס,9
אשר לקס,9
אליעזר אפלבוים,9
רוברטו פולק,9
דוד אדרי,9
שרון זליקובסקי,9
עדי רביד,9
אלי מנשה,9
אברהים עדאסי,9
גבריאל הדר,9
דולב אוחנה,9
ריקי דסקל,9
טל ליפשיץ,9
עמי סמולארצ'יק,9
קארין אוגוסקי,10
גרא סנדלר,10
אלונה איב,10
נדב לוי,10
אלכסיי קוטצ'טקוב,10
מאיה גורקין,10
סיון שטיבי,10
אדר זהר הנץ,10
ליאת ביין,10
יונתן גלילה,10
יונתן שיראי,10
אורי חזקיה,10
עידו קסטלר,10
רון בן ישי,10
יובל רוביצ'ק,10
משי אולינסקי,10
רותם בר-אור,10
דקל עדין,10
אולריך תומסן,10
גל תורן,10
יעל בן דור,10
אור ברק,10
רגב זרקה,10
גל מלכה,10
ארי פולמן,10
ירין קורן,10
ניב זילברברג,10
דני איסרליש,10
רומי אבולעפיה,10
מה-נניטה דה לטורה,10
אורי סיון,10
מלאכי חזקיה,10
יעל אייזנברג,10
רוני קידר,10
אדם צקמן,10
יהודה אלמגור,10
סתיו נגר,10
יובל שרף,10
דינה קדושי,10
עמוס שוב,10
עדן לוטנברג,10
נעמה ניסים,10
ערן איוניר,10
רואי אלסברג,10
אברהם הורוביץ,10
נועה קנולר,10
ניקול לייטמן,10
יעל סגרסקי,10
לארס איידינגר,10
עדן חלילי,10
איתמר כהן,10
רוני טל,10
ריף כהן,10
עמית הכטר,10
אופיר סגרסקי,10
יערה פלציג,10
ליאת צדקיהו,10
שחר אבן צור,10
אמילי גרנין,10
מאיה אנגלר,10
יחזקאל לזרוב,10
סיון לוי,10
יואב כורש,10
סופי אוסטריצקי,10
יובל שגב,10
הילה הרוש,10
זהבה סולומון,10
שירה האס,10
שון סופטי,10
גפן ברקאי,10
תמר בן שמואל,10
משה פולקנפליק,10
נועה רבן,10
שני דובינצ'יק,10
אפרת גוש,10
רז מזרחי,10
מיכאל כורש,10
ליאור רוכמן,10
מישל פרוז'נסקי,10
אנדרי קשקר,10
זהרירה חריפאי,10
מסאיי מסייבסקי,10
ציפור אייזן,10
אודי רוטשילד,10
מאור שוויצר,10
שי קדמי,10
שרה אדלר,10
תמיר מולא,10
הרן שגיא,10
איליה גרוס,10
עומר חזן,10
עפרי פרישקולניק אלדד,10
מנואל אלקסלסי ורדי,10
רון עומר,11
גיליה שטרן,11
דדי זהר,11
נעמי פרומוביץ',11
אייל קנטוב,11
רחל אטאס,11
אורית פוקס,11
עדי דוייב,11
הגר תפוחי,11
יהודית סולה,11
גדליה בסר,11
צחי נוי,11
דני ליטני,11
שרה וינו-אלעד,11
ניקי גולדשטיין,11
גדי וילצ'רסקי,11
צבי שטולפר,11
אורי פפר,11
אריאל פורמן,11
עזריה רפפורט,11
מאיה בוסקילה,11
רון פארן,11
נעה,11
אבי חדש,11
הסבא,11
שפרירה זכאי,11
אלעד סטפנסקי,11
עמוס גיתאי,11
מיכל זוארץ,11
שמואל עצמון,11
חן חגי,11
אייל כהן,11
יצחק חזקיה,11
טובה פרדו,11
חגית דסברג,11
גיא גארנר,11
פסטיבל חיפה,11
נעמה,11
ניקול קסל,11
טובה פלדשו,11
עפר,11
עפרון אטקין,11
דניאל אדרי,11
אודליה מורה מטלון,11
מיכאל שרפשטיין,11
דוד ברוך,11
דב רייזר,11
עינת ברנובסקי,11
ליא קניג,11
אלברט כהן,11
מורן אטיאס,11
יואב ראובני,11
רותי אסרסאי,11
אליענה שכטר,11
לימור שפירא,11
פרס אופיר,11
מאיר שלו,11
מרים גבריאלי,11
מירי בוהדנה,11
אורנה רוטברג,11
יוסי צברי,11
אפרת לביא,11
יהודה נהרי,11
נירה גל,11
איציק סיידוף,11
צביקה שוורצברג,11
מנחם גולן,11
רמה מסינגר,11
איצ'ו אביטל,11
עודד מנשה,11
שלומי טפיארו,11
אורי יניב,11
גליה שפרינג,11
אביגיל קובארי,11
הסבתא,11
ליאור סורוקה,11
אלון אופיר,11
דניאל עדן,11
אייל נחמיאס,11
רותי,11
עדן הראל,11
עדי ניצן,11
יריב מרדכי מוזר,11
בתני גורנברג,11
רמי בוזגלו,11
מיכאלה עשת,11
יואל,11
שני אלוני,11
יוסף שילוח,11
עידו לב,11
דני שגב,11
גיל וסרמן,11
מורן רוזנבלט,11
יעקב דניאל,12
אילן תורן,12
עז א-דין אבו אל-עייש,12
שחר ישי,12
ריקי בליך,12
נתן דטנר,12
חאולה חאג' דיבסי,12
סוהיל חדאד,12
אורלי פרל,12
נסרין פאעור,12
עימד ג'ברין,12
קאיפו כהן,12
טטיאנה בלאכר,12
דוד קוניו,12
מיכל מוכתר,12
אליאס עבוד,12
אמנון דוייב,12
גסאן עבאס,12
מני פאר,12
יורם יוספסברג,12
אלכסנדר סנדרוביץ',12
ויסאם נאסר,12
מוטי כץ,12
אדם חתוכה פלד,12
עדנאן טראבשה,12
עדנה שביט,12
בוריס אחנוב,12
צפי שמעוני,12
בסאם זועמוט,12
אפרת בן יעקב,12
חגית קלר,12
ליאון רוזנברג,12
דימיטרי פריימן,12
גילה אלמגור,12
מאיה כהן,12
אוהד קנולר,12
דליה שימקו,12
שי גוטסמן,12
פירה קנטר,12
סביטרי סלנט,12
שירילי דשא,12
גדי דורפמן,12
הדר שחף-מעיין,12
דוידה קרול,12
סמי סמיר,12
אדגר סלגה,12
מעיין עמרני,12
שלומי אלדר,12
יוסוף אבו וורדה,12
איילה אשרוב,12
אלון לשם (בלומנשטיין),12
נבו קמחי,12
ז'ניה כצן,12
אן פטי לגראנז',12
ראידה אדון,12
איתן קוניו,12
ג'וליאנו מר,12
אסנת חכים,12
איה שטיפטל,12
אלכס פלג,12
עינת ויצמן,12
עאבד זועבי,12
רוני בוקסבאום,12
ולדימיר פורטנוב,12
אורי אברהמי,12
מירית לויט,12
טום יפת,12
שמואל סגל,12
טוביה טישלר,12
דורית סעדיה,12
נורמן עיסא,12
דיראר סלימן,12
שחר פרץ,12
גלעד קלטר,12
תמר גולנדר,12
פירה קנטור,12
יוסי גרבר,12
סלווה נקארה,12
יצחק נאמן,12
משה איבגי,12
יגאל מזרחי,12
אדיב ג'האשן,12
חנה לסלאו,12
איריס אברמוביץ',12
שרון אינגריד שטרק,12
אנ',12
איתי ברנע,12
גיטה אמלי,12
עמוס קב,12
זאב רז,12
נעמה שפירא,12
שרון כהן,12
דנה הס,13
חלי גולדנברג,13
רוי מילר,13
מאיסה דאו,13
נוי גור,13
עידו מור,13
ליה אללוף,13
לירון בן בסט,13
עידו פורט,13
עמית ליאור,13
עופר רוטנברג,13
אסתי סבידנסקי,13
מייק בורשטיין,13
שלומי שבן,13
יעל נביא,13
אורנה בנאי,13
נטע הבר,13
סטפי סלמה,13
אלון פדות,13
שירה קצנלנבוגן,13
נטע אורבך,13
יניב מויאל,13
מירב אברהמי,13
חנן קרן,13
אוולין קפלון,13
לואי נופי,13
מיכאל אלוני,13
רינת גליקו,13
יעל ניברון,13
דב גליקמן,13
מיטל טרבלסי,13
אריאל וולף,13
גדי פור,13
דניאל מילר,13
גיא אדלר,13
יעל שטרן,13
שני אטיאס,13
איתי זבולון,13
לירז חממי,13
פבלו זלצמן,13
אור בן מלך,13
ליאל דניר,13
אוגוסט דיהל,13
שי קדימי,13
חאולה חאג',13
רמי הויברגר,13
דני רוט,13
יאיר מזור,13
דריה רוזן,13
דנה שרייר,13
רן בכור,13
סימה ברמי,13
אסי כהן,13
מיקי ברקוביץ',13
יובל סמו,13
טים קלקהוף,13
מור דימרי,13
איריס בר,13
רפי אדיר,13
ניקולאי קינסקי,13
עידו טאקו,13
אביב בן שלוש,13
צח שפיצן,13
בר פאלי,13
בני אלדר,13
איריס קול,13
אלה ארמוני,13
אסף בן שמעון,13
עוז זהבי,13
"צה""ל",13
רועי מאייר,13
קרן צור,13
ניקולאס יעקוב,13
דניאל לביד,13
אמוס אינו,13
אלון אולארצ'יק,13
ערן פרץ,13
ארז כהנא,13
יהודה לוי,13
גומא שריג,13
ג'מיל ח’ורי,13
עמית מושקוביץ,13
יפית שלו,13
אבא קובנר,13
קאי קורבלניקוב,13
סער נתנאל,14
אמיתי קדר,14
עידו תדמור,14
אבישג קהלני,14
מרטין אומנסקי,14
חרדי,14
זוהר שטראוס,14
נטעלי גבירץ,14
נטע שפיגלמן,14
יובל מנדלסון,14
הבית הפתוח,14
שיש קולר,14
שרית לארי,14
קרן אן,14
מריאנו אידלמן,14
עיריית ירושלים,14
ריקי רייף סיני,14
אסתר רדא,14
בן סולטן,14
דייוויד ברוזה,14
משמרות הצניעות,14
רמי פורטיס,14
אנסטסיה אוורבוך,14
שרון שטרק,14
נינה קוטלר,14
שי גולדשטיין,14
נבל,14
אבי שניידמן,14
רותם סלע,14
שמואל קלדרון,14
פסקת דמויות,14
יוסי מרשק,14
מאור כהן,14
אלי פיניש,14
אטליז,14
גיא אורן,14
אורי לופוליאנסקי,14
נעם פרתום,14
מצעד הגאווה בירושלים,14
נועה סתת,14
שמוליק קלדרון,14
סאן אינטוסאפ,14
גל גדות,14
גל פרידמן,14
ליאור רז,14
המוכתר,14
חלוץ מרכזי,14
הומוסקסואליות,14
גור בנטביץ',14
שמואל וולף,14
יוני זיכהולץ,14
פייבמנט,14
מעין קרת,14
רוז משיחי,14
רוית רוזן,14
בהשתתפות,14
פמפס שמעון אודי,14
ענת קלאוזנר,14
יאיר לוטן,14
דראג קווין,14
ליאור מילר,14
סוכן האישי,14
הילה סעדה,14
הומוסקסואל,14
גאווה,14
זוהר דינר,14
דן תורן,14
אלישע בנאי,14
כרמית מסילתי קפלן,14
יהלי סובול,14
אולה שור-סלקטר,14
סיון תדמור,14
שרון קנטור,14
אולי שטרנברג,14
יואל רוזנקיאר,14
אורי אבינועם,14
סמנתה אגר,14
יוני שמוס,15
מיכל אמדורסקי,15
ניר לוי,15
נתנאל מרדכי הלוי,15
דין מירושניקוב,15
גליה אלבין,15
רחל ורבוב,15
דליה פרידלנד,15
רז זהבי,15
יהודה רוזנווסר,15
אדם פרופ,15
עדי עזרוני,15
דורי בן זאב,15
עידן צברי,15
זהר ליבה,15
חנן סוויסה,15
גילה גולדשטיין,15
שא ויי,15
ישראל אוגלבו,15
שייע פייגנבוים,15
שרון הכהן-בר,15
אלחנדרו כהן,15
ישראל דמידוב,15
עליזה רוזן,15
בהט קלצ'י,15
ג'ובאני רוסו,15
דוד לייזרוביץ',15
דור פלס,15
גיל ססובר,15
אושרית קצין,15
רפי תבור,15
הרב דביר טל,15
עמנואל סאלם,15
ברוך ברנר,15
נתן כוגן,15
בני ליס,15
מיכל רובין,15
לנה סחנובה,15
אלחנן אבן חן,15
אלעד צפני,15
דבורה בורנשטיין,15
שי סקיבא,15
עמנואל הלפרין,15
יהודה גרובייס,15
איציק גרובייס,15
ירון ברלד,15
יעל אלמוג,15
לני שחף,15
חגי מולודיק,15
איתי לב,15
ליאם גולן,15
רובין רנוצ'י,15
יעל רייך,15
אנדריאה פריאול,15
פיזיקה גרעינית,15
שלמה סדן,15
אביתר לזר,15
יוסק'ה נחמיאס,15
אילנה אביטל,15
עומר ברנע,15
ניסים ורטה,15
הדר גלרון,15
יואב היימן,15
דניאל אליאסי,15
אליענה בקייר,15
אורי ברויר,15
רז זלצרמן,15
ניב רז,15
ג'ניה פישר,15
אילן גריף,15
ארז גוטליב,15
אבי קורניק,16
דיבל,16
יוסי אלקיים,16
חוה אלברשטיין,16
נירה רבינוביץ,16
רנן שור,16
הדר עוזרי,16
אבי פניני,16
שמבלול,16
גלית גיאת,16
טוביה צפיר,16
תרמו,16
גיא גורביץ,16
אמנון מסקין,16
הלן אנרידר,16
ציפי מור,16
ארז שפריר,16
מיטל סלקמון,16
גלעד ינקולביץ,16
קריין,16
תמנה בראואר,16
סבטלנה דמידוב,16
שי פרדו,16
אסף הרץ,16
ערן שראל,16
יובל המבולבל,16
דף השיחה,16
ניר שעיבי,16
שלמה בר אבא,16
יפים אברמוב,16
מתי אטלס,16
אייל סלמה,16
מתי סרי,16
דובל,16
ג'ורג' אסקנדר,16
תהילה ישעיהו,16
ביינה גטהון,16
רינת אבולעפיה,16
עמי טראוב,16
אודיה קורן,16
אלזה עלמו,16
עירית גדרון,16
טטיאנה ואסילייבה,16
ראובן דיין,16
צביקה היזיקיאס,16
ורד פלדמן,16
אלון לשם,16
ברוריה אלבק,16
מסקי שיברו סיון,16
אחינועם ניני,16
אופיר נהרי,16
גאיה הנביאה,16
שירלי ברנר,16
מהרטה ברוך,16
דני בסן,16
גננת,16
שי ורועי,16
בירו טשלה,16
קלאודיה דוליצ'י,16
לירית בלבן,16
דותן רמות,16
נדב לויתן,16
מלכת שבא,16
דייוויד בונד,16
אלכסנדר אבדולוב,16
בובי לקס,16
אביב אלוש,16
אלכס בכרי,17
אדם אבולעפיה,17
נטלי עטיה,17
דוריד לידוואי,17
מאיה דוניץ,17
מחמוד שלבי,17
טרייסי אברמוביץ',17
מיקי מרמור,17
קרן קוך,17
איזבל רמדאן,17
אווה חדד,17
דניאל סבג,17
חנה ריבר,17
אלינור סלע,17
שאדן קנבורה,17
אדם אלהוזייל,17
תאמר נאפר,17
ג'ונה סולימאן,17
אחלאם כנעאן,17
אברהם שלום לוי,17
יארה יארר,17
יוסי סגל,17
בת חן סבג,17
יונה רוזנקיאר,17
"אי""ש חזן",17
מאיסה עבד אלהאדי,17
ניסו כאביה,17
ערן מור,17
הילה סורג'ון פישר,17
הנרי אנדראוס,17
איילת גבאי-יגודה,17
אלון עייש,17
נסרין סיקסיק,17
אלישבע מיכאלי,17
אורן כהן,17
מיכה רוזנקיאר,17
ויקטוריה קוזאק,17
בתיה ברק,17
דאשה טבורונוביץ',17
לנה פרייפלד,17
ג'ונא סולימאן,17
מרוואן חמדן,17
מורין אמור,17
סאנא ג'ממאליה,17
חינה רוזובסקה,17
אלכס מונטה,17
ינון בר נתן,17
ח'ליפה נאטור,17
רוני דבח,17
עמיתי יאיש,17
שמואל אדלמן,17
שי שוורץ,17
איהאב אליאס סלאמה,17
מונא חוא,17
דוריד לידאווי,17
מישר כהן,17
שאול מיטלפונקט,17
לופו ברקוביץ',17
דרור זיו,17
שילת מלכה,17
מוגבלות שכלית התפתחותית,18
דינה סנדרסון,18
אירית דגמי,18
חנה מרון,18
אודי רצין,18
בועז גור-לביא,18
דנה קבסה,18
דודו בן זאב,18
ירדן תוסייה כהן,18
אורי כבירי,18
מתניה בר-שלום,18
ביאן ענתיר,18
אנה דוברוביצקי,18
אורטל פשרל,18
אלראי פס,18
פיני טבגר,18
דויד וילחובסקי,18
יאיר לפיד,18
יעקב זדה דניאל,18
הילה סורג'ון,18
יערה,18
יגאל שדה,18
אוראל ספיר,18
רמי ברוך,18
שירי גדני,18
עמרי אשין,18
איילה פלג,18
אושר עמרה,18
אסף אברבוך,18
מרקו כרמל,18
ניתאי גבירץ,18
מאיה מרון,18
אליענה מגון,18
היריון,18
בת אל מוסרי,18
לירון בן-שלוש,18
דלית קהן,18
אסתי קוסוביצקי,18
צביקה קרצנר,18
ג'ייד דייכס וויקס,18
מעון יום,18
אלי גורנשטיין,18
גל מקאדר,18
ניר שטראוס,18
אדווה בולה,18
רועי ויינברג,18
אדר חזאזי גרש,18
דניאל מגון,18
יעל פולמן,18
אורלי זילברשץ בנאי,18
מיכה פרודובסקי,18
אלעד כודרה,18
דני ניב (מוקי),18
מאבטחת,18
אורלי זילברשץ,18
דובר קוסשווילי,18
מורה לספורט,18
רן דנקר,18
ירמי שיק בלום,18
שיר אידלסון,19
בני אבני,19
סרגיי גנטיוק,19
רועי שגב,19
עירית קפלן,19
נדיר אלדד,19
בני אדגה,19
ערוץ הכיבוד,19
ג'ורג'יו לופאנו,19
נעמה ארלקי,19
מיטל טימסיט,19
אילנה ברקוביץ',19
אנטון לסר,19
קים גורדון,19
יגאל זקס,19
אבינועם בלומנקרנץ,19
"דור מוסקל, עומר ריבק ורותם קפלינסקי",19
מלטה,19
ליאור ליפשיץ,19
תום יער,19
בתאל משיאן,19
עלמה זק,19
מוריאל גיט-גולדשטיין,19
עירית בנדק,19
נעה פרידמן,19
אוליבר ג'קסון-כהן,19
דויד קרוס,19
המנהל האומנותי,19
יובל וין,19
ז'יל בן דוד,19
עדיאל זמרו,19
אלונה טל,19
נתלי ברמן,19
נעה קולר,19
דוד טפליצקי,19
קובי מאור,19
יניב עדני,19
שי ורקר,19
יונתן צ'רצ'י,19
אפרת כהן,19
יורם זקס,19
רונה לי שמעון,19
עדן סבן,19
ג'רמי נוימרק ג'ונס,19
אמה אלפי,19
אדי קבטנר,19
אירוויזיון,19
מייקל סי פוקס,19
מורן אייזנשטיין,19
בתיה ורד,19
הילה מצקר,20
עופר רגירר,20
דניאל אפרת,20
עדי בילסקי,20
המורה מוניץ,20
קלרה צ'אנוב,20
אורי אוריין,20
הילה מצקר-הלוי,20
יותם ראובני,20
מעיין הרוש,20
ליאת אקטע,20
רפי דייגי,20
אשר מעיין,20
אלונה וינד רז,20
נעם דובינצ'יק,20
שריאל בקנשטיין,20
יפתח מזרחי,20
יונתן גבע,20
יואב ברתל,20
ג'רי פישמן,20
אושרי שחר,20
מעין וינשטוק,20
גיורא קפלן,20
תומר אילן,20
ליבי,20
תמרה קלינגון,20
דוד גולנד,20
אבא של קלרה,20
לוסי דובינצ'יק,20
יעל דקלבאום,20
רוזי,20
יובל רז,20
אמא של קלרה,20
פטיש,20
אדי טיקל,20
טליה אלק,20
אלביס חנוב,20
נגה דאנג'לי,20
שירלי סולומון,20
אמיר קוסטוריצה,20
המנהל טיסונה,20
דן לחמן,20
רון שמעוני,20
גיא זוארץ,20
זוהר זמיר,21
גדי יגיל,21
יונתן בר-אור,21
אלון דהן,21
תמר קינן,21
ג'יהאד בבאי,21
סמי שייק,21
רובא בלאל-עספור,21
ערן שדר,21
יוסי קאנץ,21
ג'לאל מסרוה,21
חנה שיגולה,21
אבי יפה,21
אתי גרוטס,21
קורל זקאק,21
אמיר דוליצקי,21
דיאנה בספצ'ני,21
משה שחר,21
מייסה דאו,21
הגר אנוש,21
מאיר טולדנו,21
למיס עמאר,21
אשר צרפתי,21
יוסף אבו ורדה,21
מיטל סגל,21
עודד תאומי,21
ג'וני פיליפס,21
יפה תוסיה כהן,21
קריסטינה ליכניצקי,21
הדס בן ארויה,21
רן יגיל,21
מאיה פלאם,21
צופית גרנט,21
רוזמונד פייק,21
נתן סגן כהן,21
נצר חריט,21
סאמר קופטי,21
בילאל באבאי,21
חדיג'ה אל עאכד,21
נעמה פרייס,21
תום אבני,21
אן פריו,21
אבי ביטר,22
ציון אמסלם,22
אורי צדוק,22
בבר יוקו,22
אבי בן,22
נמרוד קמר,22
ברוך וקנין,22
יפית שמע,22
ליאת בנאי,22
ירמי קדושי,22
אילנה מן,22
אליס וענונו,22
אתי בוחבוט,22
אבי כהן,22
יצחק ענף,22
דני חדד,22
יעקב בן-סירא,22
ליאור נרקיס,22
משה כהן,22
לימור בן זכאי,22
סיגי דהאן,22
שירלי בן דוד,22
חופית גולן,22
אבי סויסה,22
עדן אלוש שלו,22
ערן לוי,22
שאול אליאס,22
תומר שרון,23
ישראל מאיר וולקן,23
אליאו בן זאב,23
יעל הדר,23
רונן הרשקוביץ,23
שי חי,23
טיילור מלכוב,23
אורן שבו,23
ג'ק אדליסט,23
איציק שמלי,23
סמי הורי,23
שרי צוריאל,23
עמירן דביר,23
ג'וש שגיא,23
הלל שמעון,23
ששי גז,23
ישי לפידות,23
ארקדי דוכין,23
גילי שושן,23
אסף קליין,23
רפאל גרינשטיין,23
שלמה פלסנר,23
קובי סלע,23
מאירי ישראל מוג'בר,23
קובי אשרת,23
אבי גרייניק,23
מנחם טוקר,23
סלומון שריקי,24
אבי קושניר,24
טליה רז,24
גדי פיטרמן,24
ולדימיר וולוב,24
ולריה וויוודין,24
אוקסנה קורוסטישבסקיה,24
ישראל ברייט,24
דניאל פרידמן,24
גאיה שליטא כץ,24
כוכבי בת ציון,24
אגנישקה ואגנר,24
לוטוף נוסייר,24
לירון אלזיקרי,24
דוד קוגן,24
ימית סול,24
צופית שפאן,24
רעות אפוטה,24
יוסף פיצ'חדזה,24
איילה ורטה,24
אופיר וייל,24
דורי טפר,24
קיריל ספונוב,24
אלכס אנסקי,24
תומר בן דוד,24
מאיה דה פריז,25
אפרת בוימוולד,25
אורי אומנותי,25
איתי גנות,25
שמואל וילוז'ני,25
אורי גוטליב,25
אדיב ג'השאן,25
הראל נוף,25
תומר אבן,25
נסים סוסי,25
אפרת אביב,25
סונה זועבי,25
הישאם סלימאן,25
אבנר חזקיהו,25
סאמיה קזמוז,25
סופי קפלן,25
עפרה חזה,25
לופו ברקוביץ,25
נולי עומר,25
נועם אמיר,25
אוהד הול,26
ליאור חסון,26
קצינים,26
ליהק,26
אודי פרסי,26
גיא קפולניק,26
עמית אפשטיין,26
אסיה נייפלד,26
זיו פלג,26
לוחמים,26
ריאליסטי,26
יחידות מובחרות,26
אורטל בן שושן,26
מוקי,27
יואב קוטנר,27
נמרוד רשף,27
חיים שמש,27
חמי,27
פישי הגדול,27
בנימין נתניהו,27
יוסי פיין,27
פילוני,27
מירו,27
אביהו רונן,28
יואל רפל,28
יהודה באואר,28
יצחק ארד,28
אריה ברנע,28
ישראל גוטמן,28
חנה יבלונקה,28
עמר ברטוב,28
גבריאל בך,28
דינה פורת,28
עמית מרדכי,29
דור גל,29
עידו נצר,29
קובי צברי,29
"ירדן ""ג'ורדי"" פלג",29
"לירז ""סטטיק"" רוסו",29
משה רוסו,29
רון ביטון,29
ניצה אדל רוסו,29
איתי שמעוני,29
ניר שרון,30
אילה שיפטן,30
יובל אורנר,30
ניר קיטרו,30
רעות פיש,30
אורי ליפשיץ,30
רוני וייסמן,30
בועז קרני,30
אדוה קמחי,30
אלישבע זוז,31
אנני למפל,31
גרטה ורטהיימר,31
האני לוקס,31
יהודית הספל,31
ננה סלינגר,31
אן מרי פיסקר,31
טרודי הירשלר,31
סאלי פיליפס,32
דייוויד ואליאמס,32
מישל גרינידג',32
טמזין גרג,32
טום קאלן,32
אנדי מקדואל,32
ראקי תאקראר,32
מרים מרגוליס,32
מינא קאוואני,33
סינה פרוואנה,33
זאר אמיר אבראהימי,33
גולשיפתה פראהאני,33
אראש מרנדי,33
רזא דיאקו,33
קטיונה אחמדי,33
אסף פיליפ,34
צביקה פיליפ,34
מני פיליפ,34
לי פיליפ,34
עודד פיליפ,34
אלי פיליפ,34
אמנון פרידמן,35
אמרי קהן,35
טל מאירי,35
נעמה יוריה,35
עירית גידרון,35
בני ציפר,35
יעקב פרי,36
אברהם שלום,36
אבי דיכטר,36
יובל דיסקין,36
עמי אילון,36
כרמי גילון,36
הארווי קייטל,37
פול ג'יאמטי,37
דני יוסטון,37
רלף קליין,37
ג'ון האם,37
רובין רייט,37
סקסופון,38
אנה קרינה ארווס,38
ג'ימי ביטון,38
רות גונזלס,38
דניאל מירנדה,38
ג'וזף פיינס,39
מריה פקולניס,39
ניב מקינטוש,39
קלי הריסון,39
קלייר היגינס,39
אנה ווליקובסקי,40
קטיה קוסוי ופולינה חריטונסקי,40
עמירם עיני,40
רומן גרשקוביץ',40
מיכאל לרנר,40
דוד בן-גוריון,41
קלינטון ביילי,41
פולה בן-גוריון,41
יעל פרלוב,41
יריב מוזר,41
מטקו היילו,42
יוהנס מוסה,42
מרתה גטאצ'הו,42
בית לחם אסמאמאווה,42
וויינשיט בלאצ'ו,42
מי-רן מנקס,43
אסף פרי,43
ג'סמין גרין,43
אפרת וינטראוב,43
צחי סדן,43
אורי לחמי,44
עומר זוננשיין,44
איציק חייקה,44
יהונדב פרלמן,44
ג'ואל אדג'רטון,45
בן מנדלסון,45
ג'פרי ראש,45
אנתוני לפאליה,45
אנה זק,46
עידן שקרוקה,46
שחף כרמל יעקובוביץ',46
עומר דהן,46
מאיר כהן,47
משה חזן,47
אלישע לוי,47
יונתן זרחיה,48
יובל כרמל,48
ג'נט כהן,48
פאדי דעים,49
נעים ג'ירייס,49
חאדר אבו סייף,49
דויד דיאן,50
נוויד נגהבאן,50
אשר אברהמי,50
שולה מולאאברש,51
ספיר סנקהסורני,51
תהילה ישעיהומולו,51
אריאל הרוש,52
זאור סדאייב,52
איציק קורנפיין,52
גילי בית הלחמי,53
שיר אברמוב,53
רוית דור,53
אסף גולדשטיין,54
רום ברנע,54
אנטוניו פטרין,54
סתיו אלמגור,55
לאה טוניק,55
אורי שני,55
שלמה בר,56
סמסון קהמקר,56
בן יוסיפוביץ',57
שמחה ברבירו,57
שירז טל,58
ירון פינק,58
נעם קפלן,59
סגול 59,59
אוולין קצ'ולין,60
דרור דהן,60
ישראל גודוביץ,61
"מתווך נדל""ן",61
שירות בתי הסוהר,62
סמר,62
מאיה ארבל,63
טובה ורובל,63
עידן טוקלומטי-ג'ורנו,64
טוני טוקלומטי,64
לליב סיון,65
בר גוטפריד,65
מאיר גרנר,66
מיה גרנר,66
ויקטוריה רוסובסקי,67
לב לוין,67
עוזי חיטמן,68
דליק ווליניץ,69
אדולף אייכמן,70
ג'והר אבו לאשין,71
ערן נעים,72
קטרין הימלר,73
דוד פישר,74
יעל דואני,75
טל קלאי,76
לינדה מנוחין,77
עוזי משולם,78
רודיינא אבו פריחה,79
דפני ליף,80
עמית צוק,81
ירון לונדון,82
ניצן הורוביץ,83
מיכה בר-עם,84
נילי בלאק,85
