actor_1,actor_2,actor_1_seen_before_2021,actor_2_seen_before_2021
אבא קובנר,אוגוסט דיהל,False,False
אבא קובנר,אמיתי קדר,False,False
אבא קובנר,יואל רוזנקיאר,False,True
אבא קובנר,ישי גולן,False,True
אבא קובנר,מיכאל אלוני,False,True
אבא קובנר,ניקולאי קינסקי,False,False
אבא קובנר,עוז זהבי,False,True
אבו עמר,אביתר אדרי,False,False
אבו עמר,אלברט אילוז,False,True
אבו עמר,ארקדי שוסטר,False,False
אבו עמר,דוד אדרי,False,False
אבו עמר,יונס,False,False
אבו עמר,מירב גרובר,False,True
אבו עמר,רחל אדרי,False,False
אבי גרייניק,איציק שמלי,True,False
אבי גרייניק,אליאו בן זאב,True,False
אבי גרייניק,ארקדי דוכין,True,False
אבי גרייניק,טיילור מלכוב,True,False
אבי גרייניק,ישי לפידות,True,False
אבי גרייניק,רונן הרשקוביץ,True,False
אבי גרייניק,שי חי,True,False
אבי גרייניק,ששי גז,True,False
אבי סרוסי,אדיר מילר,False,True
אבי סרוסי,יניב ביטון,False,True
אבי סרוסי,כרמל נצר,False,False
אבי סרוסי,סוזנה פפיאן,False,False
אבי סרוסי,עלא דקה,False,True
אבי סרוסי,ערן זרחוביץ',False,False
אבי סרוסי,שירה נאור,False,True
אבי סרוסי,שני כהן,False,False
אבי סרוסי,תום אפלבאום,False,False
אביב אלקבץ,איילת אפשטיין,True,False
אביב אלקבץ,יהב גולדנברג,True,False
אביב אלקבץ,ינון קנר,True,False
אביב אלקבץ,נמרוד פלג,True,False
אביב אלקבץ,רן קפלן,True,False
אביב בוכלר,אלמה דישי,False,False
אביב בוכלר,יואב בבלי,False,False
אביב בוכלר,לייב לב לוין,False,False
אביב בוכלר,נעמי הררי,False,False
אביב בוכלר,עזרא דגן,False,True
אביב בוכלר,קובי זיסלין,False,False
אביבה אבידן,אביה מלכה,False,False
אביבה אבידן,אורי כץ,False,False
אביבה אבידן,אסי ישראלוף,False,True
אביבה אבידן,דוד שאול,False,True
אביבה אבידן,לירון וייסמן,False,False
אביבה אבידן,נכה,False,False
אביבה אבידן,ציון ברוך,False,True
אביבה אבידן,רגל עץ,False,False
אביבה אבידן,שלום מיכאלשווילי,False,True
אביגיל הררי,ביאן ענתיר,True,False
אביגיל הררי,יעל פולמן,True,False
אביגיל הררי,יערה,True,False
אביגיל הררי,ירמי שיק בלום,True,False
אביה מלכה,אורי כץ,False,False
אביה מלכה,אמירה גרון,False,False
אביה מלכה,אני אימנדזה,False,False
אביה מלכה,אסי ישראלוף,False,True
אביה מלכה,דוד שאול,False,True
אביה מלכה,ורוניקה קלנדרישבילי,False,False
אביה מלכה,טאקו טבטדז,False,False
אביה מלכה,ליז רביאן,False,False
אביה מלכה,לירון וייסמן,False,False
אביה מלכה,נועה בן גיגי,False,False
אביה מלכה,נכה,False,False
אביה מלכה,נעמה שטרית,False,True
אביה מלכה,ציון ברוך,False,True
אביה מלכה,רגל עץ,False,False
אביה מלכה,שיפי אלוני,False,True
אביה מלכה,שלום מיכאלשווילי,False,True
אביה מלכה,שרי גבעתי,False,False
אביהו רונן,אריה ברנע,False,False
אביהו רונן,גבריאל בך,False,False
אביהו רונן,דינה פורת,False,False
אביהו רונן,חנה יבלונקה,False,False
אביהו רונן,יהודה באואר,False,False
אביהו רונן,יואל רפל,False,False
אביהו רונן,יצחק ארד,False,False
אביהו רונן,ישראל גוטמן,False,False
אביהו רונן,עמר ברטוב,False,False
אביעד בנטוב,אורית זפרן,True,False
אביעד בנטוב,לאה לב,True,False
אביעד בנטוב,מיכל מנור,True,False
אביעד בנטוב,מעיין לאוב,True,False
אביעד בנטוב,נועם כרמלי,True,False
אביעד בנטוב,תומר פישמן,True,False
אביתר אדרי,אלברט אילוז,False,True
אביתר אדרי,ארקדי שוסטר,False,False
אביתר אדרי,דוד אדרי,False,False
אביתר אדרי,יונס,False,False
אביתר אדרי,מירב גרובר,False,True
אביתר אדרי,רחל אדרי,False,False
אביתר לזר,אדם פרופ,True,False
אביתר לזר,איציק גרובייס,True,False
אביתר לזר,דין מירושניקוב,True,False
אביתר לזר,דניאל אליאסי,True,False
אביתר לזר,יהודה רוזנווסר,True,False
אביתר לזר,נתנאל מרדכי הלוי,True,False
אביתר לזר,עידן צברי,True,False
אברהם ארנסון,און רפאלי,False,True
אברהם ארנסון,אקי אבני,False,True
אברהם ארנסון,גל אמיתי,False,False
אברהם ארנסון,דין גרבר,False,False
אברהם ארנסון,חן אמסלם,False,True
אברהם ארנסון,טל גרושקה,False,True
אברהם ארנסון,עידן תלם,False,False
אברהם ארנסון,קווין רובין,False,False
אברהם ארנסון,שירה לוי,False,False
אברהם הלר,אורי זוהר,False,False
אברהם הלר,ציפורה הלר,False,False
אברהם הלר,שי אביבי,False,True
אברהם שלום לוי,דאשה טבורונוביץ',True,False
אברהם שלום לוי,ויקטוריה קוזאק,True,False
אברהם שלום לוי,לנה פרייפלד,True,False
אבשלום פולק,יורם הוניג,True,False
אבשלום פולק,נור פיבק,True,False
אדי קבטנר,אוליבר ג'קסון-כהן,False,False
אדי קבטנר,אנטון לסר,False,False
אדי קבטנר,ג'רמי נוימרק ג'ונס,False,False
אדי קבטנר,דויד קרוס,False,False
אדי קבטנר,ז'יל בן דוד,False,True
אדי קבטנר,מייקל סי פוקס,False,False
אדיר מילר,אנה בלוג,True,False
אדיר מילר,אסתר מרטון,True,False
אדיר מילר,בוגלרקה קאוש,True,False
אדיר מילר,דומיניקה בירו פנה,True,False
אדיר מילר,ירדן ג'רבי,True,False
אדיר מילר,כרמל נצר,True,False
אדיר מילר,סוזנה פפיאן,True,False
אדיר מילר,ערן זרחוביץ',True,False
אדיר מילר,פטר לינקה,True,False
אדיר מילר,צ'רבה קרקס,True,False
אדיר מילר,שני כהן,True,False
אדיר מילר,תום אפלבאום,True,False
אדם גבאי,ארז עובד,True,False
אדם גבאי,ג'לאל מסראווה,True,False
אדם גבאי,גיל כהן,True,False
אדם גבאי,דין גרבר,True,False
אדם גבאי,ליר עיסא,True,False
אדם גבאי,סוול אריאל אור,True,False
אדם גבאי,עבדאללה עקל,True,False
אדם גבאי,עופר גרינברג,True,False
אדם גבאי,פאולה קרו,True,False
אדם חתוכה פלד,אלי מנשה,False,True
אדם חתוכה פלד,דורית לב ארי,False,True
אדם חתוכה פלד,מאיה כהן,False,True
אדם חתוכה פלד,מעיין עמרני,False,False
אדם חתוכה פלד,שמואל וילוז'ני,False,True
אדם פרופ,איציק גרובייס,False,False
אדם פרופ,דין מירושניקוב,False,False
אדם פרופ,דניאל אליאסי,False,False
אדם פרופ,יהודה גרובייס,False,True
אדם פרופ,יהודה רוזנווסר,False,False
אדם פרופ,נתנאל מרדכי הלוי,False,False
אדם פרופ,עידן צברי,False,False
אדם פרופ,שלמה סדן,False,True
אוגוסט דיהל,אמיתי קדר,False,False
אוגוסט דיהל,יואל רוזנקיאר,False,True
אוגוסט דיהל,ישי גולן,False,True
אוגוסט דיהל,מיכאל אלוני,False,True
אוגוסט דיהל,ניקולאי קינסקי,False,False
אוגוסט דיהל,עוז זהבי,False,True
אודי רצין,מיכה פרודובסקי,True,False
אוהד קנולר,אורנלה בס,True,False
אוהד קנולר,זוהר ז'נט סבג,True,False
אוהד קנולר,צביקה פישזון,True,False
אוהד שחר,גל אמיתי,True,False
אוהד שחר,יותם גוטל,True,False
אוהד שחר,מיטל נר,True,False
אוהד שחר,מרט פרחומובסקי,True,False
אוהד שחר,ניר שטראוס,True,False
אוולין הגואל,אוראל צברי,True,False
אוולין הגואל,דניאל אסייג,True,False
אוולין הגואל,חי דוידוב,True,False
אוולין הגואל,לינור אברג'יל,True,False
אוולין הגואל,עדי אלון,True,False
אוולין הגואל,עידו ברטל,True,False
אוולין הגואל,שרלין חזיזה,True,False
אולג לוין,חגית בן עמי,True,False
אולג לוין,יוליה טגיל,True,False
אולג לוין,קרן פלס,True,False
אוליבר ג'קסון-כהן,אנטון לסר,False,False
אוליבר ג'קסון-כהן,ג'רמי נוימרק ג'ונס,False,False
אוליבר ג'קסון-כהן,דויד קרוס,False,False
אוליבר ג'קסון-כהן,ז'יל בן דוד,False,True
אוליבר ג'קסון-כהן,מייקל סי פוקס,False,False
אולריך תומסן,גל מלכה,False,False
אולריך תומסן,יחזקאל לזרוב,False,True
אולריך תומסן,יפתח קליין,False,True
אולריך תומסן,לארס איידינגר,False,False
אולריך תומסן,מסאיי מסייבסקי,False,False
אולריך תומסן,משה פולקנפליק,False,True
אולריך תומסן,עפרי פרישקולניק אלדד,False,False
אולריך תומסן,שון סופטי,False,False
אולריך תומסן,שרה אדלר,False,True
און רפאלי,גל אמיתי,True,False
און רפאלי,דין גרבר,True,False
און רפאלי,עידן תלם,True,False
און רפאלי,קווין רובין,True,False
און רפאלי,שירה לוי,True,False
אופק פסח,דניאל ליטמן,False,False
אופק פסח,הולגר ירמיש,False,False
אופק פסח,הלל ינאי שני,False,False
אופק פסח,מוריס כהן,False,True
אופק פסח,עדי גילת,False,False
אור עדי,איתמר קיגלר,False,False
אור עדי,חן אמסלם-זגורי,False,True
אור עדי,לאונן,False,False
אור עדי,ליאנה עיון,False,False
אור עדי,מאור לוי,False,False
אור עדי,סכיזופרן,False,False
אור עדי,עמוס תמם,False,True
אוראל צברי,אורי גבריאל,False,True
אוראל צברי,אלון אבוטבול,False,True
אוראל צברי,אלי גלפרין,False,False
אוראל צברי,אליאנה תדהר,False,True
אוראל צברי,אליעד נחום,False,True
אוראל צברי,אסנת פישמן,False,True
אוראל צברי,אסתי זקהיים,False,True
אוראל צברי,אריק משעלי,False,True
אוראל צברי,ג'וליה מסלאווי,False,True
אוראל צברי,גבי דן,False,True
אוראל צברי,גרא סנדלר,False,True
אוראל צברי,דניאל אסייג,False,False
אוראל צברי,הרצל טובי,False,True
אוראל צברי,חי דוידוב,False,False
אוראל צברי,יגאל עדיקא,False,True
אוראל צברי,יעל פדן,False,False
אוראל צברי,לי בירן,False,True
אוראל צברי,ליאור דובדבני,False,True
אוראל צברי,לין אשרוב,False,False
אוראל צברי,מוטי בן ישי,False,True
אוראל צברי,מיכאל אלוני,False,True
אוראל צברי,משה פרסטר,False,True
אוראל צברי,נועה קירל,False,True
אוראל צברי,ניר כנען,False,False
אוראל צברי,עדי הימלבלוי,False,True
אוראל צברי,עדי חבשוש,False,False
אוראל צברי,עדן מאירי,False,False
אוראל צברי,עודד מנסטר,False,True
אוראל צברי,עידו אליאלי,False,False
אוראל צברי,עפר שכטר,False,True
אוראל צברי,קים אור אזולאי,False,False
אוראל צברי,רוני נתנאל,False,False
אוראל צברי,שלום אסייג,False,True
אוראל צברי,שלומי קוריאט,False,True
אורטל פשרל,בת אל מוסרי,False,True
אורטל פשרל,יעקב זדה דניאל,False,True
אורי אבינועם,בן סולטן,False,False
אורי אבינועם,יוסי מרשק,False,True
אורי אבינועם,יעל אבקסיס,False,True
אורי אבינועם,ריקי רייף סיני,False,False
אורי אלבי,דניאל מורשת,False,True
אורי אלבי,ישי גולן,False,True
אורי אלבי,מיקי לאון,False,True
אורי אלבי,משי קליינשטיין,False,False
אורי אלבי,ריימונד אמסלם,False,True
אורי ביטון,בר זומר,False,False
אורי ביטון,יואב לוי,False,True
אורי ביטון,ישראל אטיאס,False,True
אורי ביטון,מאיר תמם,False,False
אורי ביטון,מייקל קביה אהרוני,False,False
אורי ביטון,משה אשכנזי,False,True
אורי ביטון,צביקה הדר,False,True
אורי ביטון,קים אור אזולאי,False,False
אורי ביטון,שון מונגוזה,False,False
אורי בלופרב,נור פיבק,True,False
אורי ברויר,אלעד צפני,False,True
אורי ברויר,ג'ובאני רוסו,False,False
אורי ברויר,דין מירושניקוב,False,False
אורי ברויר,זהר ליבה,False,True
אורי ברויר,ירון ברלד,False,True
אורי ברויר,ליאם גולן,False,False
אורי ברויר,ניר לוי,False,True
אורי ברויר,רז זהבי,False,False
אורי ברויר,שייע פייגנבוים,False,False
אורי גבריאל,אורנלה בס,True,False
אורי גבריאל,אלי גלפרין,True,False
אורי גבריאל,זוהר ז'נט סבג,True,False
אורי גבריאל,צביקה פישזון,True,False
אורי זוהר,ציפורה הלר,False,False
אורי זוהר,שי אביבי,False,True
אורי כץ,אסי ישראלוף,False,True
אורי כץ,דוד שאול,False,True
אורי כץ,לירון וייסמן,False,False
אורי כץ,נכה,False,False
אורי כץ,ציון ברוך,False,True
אורי כץ,רגל עץ,False,False
אורי כץ,שלום מיכאלשווילי,False,True
אורי פפר,שני כהן,True,False
אורית זפרן,לאה לב,False,False
אורית זפרן,לני כהן,False,True
אורית זפרן,מיכל מנור,False,False
אורית זפרן,מעיין לאוב,False,False
אורית זפרן,נועם כרמלי,False,False
אורית זפרן,ניב מג'ר,False,True
אורית זפרן,תובל שפיר,False,True
אורית זפרן,תומר פישמן,False,False
אורלי זילברשץ,ביאן ענתיר,True,False
אורלי זילברשץ,יעל פולמן,True,False
אורלי זילברשץ,יערה,True,False
אורלי זילברשץ,ירמי שיק בלום,True,False
אורלי רות פלדהיים,הדס ירון,False,True
אורלי רות פלדהיים,הילה רוח,False,False
אורלי רות פלדהיים,טלי שרון,False,True
אורלי רות פלדהיים,יבגני מוליבוגה,False,False
אורלי רות פלדהיים,מעיין תורג'מן,False,True
אורלי רות פלדהיים,סימור דניאל,False,False
אורלי רות פלדהיים,סמירה סרייה,False,True
אורלי רות פלדהיים,עומר ברנע,False,True
אורלי רות פלדהיים,קוסטה קפלן,False,True
אורנה כץ,גיל וייס,True,False
אורנה כץ,דניאל ליטמן,True,False
אורנה כץ,ידין גלמן,True,False
אורנה כץ,יעל שטולמן,True,False
אורנה כץ,נועם שנהב,True,False
אורנלה בס,אלברט אילוז,False,True
אורנלה בס,זוהר ז'נט סבג,False,False
אורנלה בס,מוטי בן ישי,False,True
אורנלה בס,מילי עשת,False,True
אורנלה בס,צביקה פישזון,False,False
אורנלה בס,רועי אסף,False,True
אורנלה בס,שמעון מימרן,False,True
איהאב אליאס סלאמה,איזבל רמדאן,False,False
איהאב אליאס סלאמה,אלכס בכרי,False,False
איהאב אליאס סלאמה,ג'ונא סולימאן,False,False
איהאב אליאס סלאמה,ג'ונה סולימאן,False,False
איהאב אליאס סלאמה,דוריד לידוואי,False,False
איהאב אליאס סלאמה,ח'ליפה נאטור,False,True
איהאב אליאס סלאמה,יארה יארר,False,False
איהאב אליאס סלאמה,מרוואן חמדן,False,False
איהאב אליאס סלאמה,סלים דאו,False,True
איזבל רמדאן,אלכס בכרי,False,False
איזבל רמדאן,ג'ונא סולימאן,False,False
איזבל רמדאן,ג'ונה סולימאן,False,False
איזבל רמדאן,דוריד לידוואי,False,False
איזבל רמדאן,ח'ליפה נאטור,False,True
איזבל רמדאן,יארה יארר,False,False
איזבל רמדאן,מרוואן חמדן,False,False
איזבל רמדאן,סלים דאו,False,True
אייל רוזלס,חואן פאבלו אוליסלאגר,True,False
אייל רוזלס,חואן פרידמן,True,False
אייל רוזלס,לונא מנסור,True,False
אייל רוזלס,ליעוז לוי,True,False
אייל רוזלס,מאיה עשת,True,False
אייל רוזלס,סטפני מרידה,True,False
אייל רוזלס,פאולה טירדו,True,False
אייל שיראי,אלישבע וייל,True,False
אייל שיראי,גלוריה בס,True,False
אייל שיראי,דוד וולך,True,False
אייל שיראי,יובל דיין,True,False
אייל שיראי,ליהי קורנובסקי,True,False
איילה פלג,אלי גורנשטיין,False,True
איילה פלג,אסתי קוסוביצקי,False,True
איילה פלג,ג'ייד דייכס וויקס,False,False
איילה פלג,דנה קבסה,False,False
איילה פלג,יגאל שדה,False,True
איילה פלג,יעקב זדה דניאל,False,True
איילה פלג,ניר שטראוס,False,False
איילה פלג,פיני טבגר,False,True
איילה פלג,רמי ברוך,False,True
איילת אפשטיין,יהב גולדנברג,False,False
איילת אפשטיין,יורם טולדנו,False,True
איילת אפשטיין,ינון קנר,False,False
איילת אפשטיין,נמרוד פלג,False,False
איילת אפשטיין,רן קפלן,False,False
איילת אפשטיין,שמעון מימרן,False,True
איילת מנחמי,אלי תבור,False,False
איילת מנחמי,אריה מוסקונה,False,True
איילת מנחמי,זאב רווח,False,True
איילת מנחמי,יגאל שילון,False,False
איילת מנחמי,יהודה בארקן,False,True
איילת מנחמי,משה טימור,False,True
איילת מנחמי,ניצה שאול,False,True
איילת מנחמי,קרוליין לנגפורד,False,False
איילת מנחמי,ששי קשת,False,True
אילנית בן-יעקב,אלישבע וייל,True,False
אילנית בן-יעקב,יהושע סובול,True,False
אילנית בן-יעקב,כרמל בין,True,False
אימרי ביטון,ג'לאל מסראווה,True,False
אינט כהן,איציק זוהר,False,False
אינט כהן,אלברט אילוז,False,True
אינט כהן,אריק משעלי,False,True
אינט כהן,הילה סעדה,False,True
אינט כהן,זאב רווח,False,True
אינט כהן,חיים זנאתי,False,True
אינט כהן,סשה דמידוב,False,False
אינט כהן,פלורה סעדה,False,False
אינט כהן,ריימונד אמסלם,False,True
איציק גרובייס,דין מירושניקוב,False,False
איציק גרובייס,דניאל אליאסי,False,False
איציק גרובייס,יהודה גרובייס,False,True
איציק גרובייס,יהודה רוזנווסר,False,False
איציק גרובייס,נתנאל מרדכי הלוי,False,False
איציק גרובייס,עידן צברי,False,False
איציק גרובייס,שלמה סדן,False,True
איציק זוהר,אלברט אילוז,False,True
איציק זוהר,אריק משעלי,False,True
איציק זוהר,הילה סעדה,False,True
איציק זוהר,זאב רווח,False,True
איציק זוהר,חיים זנאתי,False,True
איציק זוהר,סשה דמידוב,False,False
איציק זוהר,פלורה סעדה,False,False
איציק זוהר,ריימונד אמסלם,False,True
איציק סיידוף,אסף הרץ,True,False
איציק סיידוף,ניר שעיבי,True,False
איציק סיידוף,ערן שראל,True,False
איציק פצצתי,אלון נוימן,False,True
איציק פצצתי,אקו מורגנשטרן,False,False
איציק פצצתי,ג'ימבו ג'יי,False,True
איציק פצצתי,טונה,False,False
איציק פצצתי,ירמי אומני,False,False
איציק פצצתי,מוריה אקונס,False,False
איציק פצצתי,עידן אלתרמן,False,True
איציק פצצתי,עמית אולמן,False,False
איציק פצצתי,פלד,False,False
איציק שמלי,אליאו בן זאב,False,False
איציק שמלי,ארקדי דוכין,False,False
איציק שמלי,גילי שושן,False,True
איציק שמלי,טיילור מלכוב,False,False
איציק שמלי,ישי לפידות,False,False
איציק שמלי,רונן הרשקוביץ,False,False
איציק שמלי,שי חי,False,False
איציק שמלי,ששי גז,False,False
אירוויזיון,"דור מוסקל, עומר ריבק ורותם קפלינסקי",False,False
אירוויזיון,המנהל האומנותי,False,False
אירוויזיון,מלטה,False,False
אירוויזיון,עדן סבן,False,False
אירוויזיון,עלמה זק,False,True
אירוויזיון,ערוץ הכיבוד,False,False
אירוויזיון,ערן זרחוביץ',False,False
אירוויזיון,רותם סלע,False,True
אירוויזיון,תום יער,False,False
אירן ז'קוב,אלברט איינשטיין,False,False
אירן ז'קוב,זיגמונד פרויד,False,False
אירן ז'קוב,יעל אבקסיס,False,True
אירן ז'קוב,מתייה אמלריק,False,True
אירן ז'קוב,קרן מור,False,True
איתי שמעוני,דור גל,False,False
איתי שמעוני,"ירדן ""ג'ורדי"" פלג",False,False
איתי שמעוני,"לירז ""סטטיק"" רוסו",False,False
איתי שמעוני,משה רוסו,False,False
איתי שמעוני,ניצה אדל רוסו,False,False
איתי שמעוני,עידו נצר,False,False
איתי שמעוני,עמית מרדכי,False,False
איתי שמעוני,קובי צברי,False,False
איתי שמעוני,רון ביטון,False,False
איתמר מלול,אמור הדריה,False,False
איתמר מלול,אסתי זקהיים,False,True
איתמר מלול,גל אמיתי,False,False
איתמר מלול,דני גבע,False,True
איתמר מלול,יואב קרן,False,False
איתמר מלול,מנדי ברששת,False,False
איתמר מלול,עודד מנסטר,False,True
איתמר מלול,עתליה זהבי,False,False
איתמר מלול,רוני נדלר,False,False
איתמר קיגלר,חן אמסלם-זגורי,False,True
איתמר קיגלר,לאונן,False,False
איתמר קיגלר,ליאנה עיון,False,False
איתמר קיגלר,מאור לוי,False,False
איתמר קיגלר,סכיזופרן,False,False
איתמר קיגלר,עמוס תמם,False,True
איתמר רוטשילד,לי גילת,True,False
אלברט איינשטיין,זיגמונד פרויד,False,False
אלברט איינשטיין,יעל אבקסיס,False,True
אלברט איינשטיין,מתייה אמלריק,False,True
אלברט איינשטיין,קרן מור,False,True
אלברט אילוז,ארקדי שוסטר,True,False
אלברט אילוז,דוד אדרי,True,False
אלברט אילוז,זוהר ז'נט סבג,True,False
אלברט אילוז,יונס,True,False
אלברט אילוז,מיכה פרודובסקי,True,False
אלברט אילוז,סשה דמידוב,True,False
אלברט אילוז,עידו ברטל,True,False
אלברט אילוז,פלורה סעדה,True,False
אלברט אילוז,צביקה פישזון,True,False
אלברט אילוז,רחל אדרי,True,False
אלון אבוטבול,לין אשרוב,True,False
אלון אבוטבול,רוני נתנאל,True,False
אלון לשם,אסף הרץ,True,False
אלון לשם,ניר שעיבי,True,False
אלון לשם,ערן שראל,True,False
אלון נוימן,אקו מורגנשטרן,True,False
אלון נוימן,טונה,True,False
אלון נוימן,ירמי אומני,True,False
אלון נוימן,מוריה אקונס,True,False
אלון נוימן,עמית אולמן,True,False
אלון נוימן,פלד,True,False
אלי גורנשטיין,ג'ייד דייכס וויקס,True,False
אלי גורנשטיין,דנה קבסה,True,False
אלי גורנשטיין,ניר שטראוס,True,False
אלי גלפרין,אסתי זקהיים,False,True
אלי גלפרין,ג'וליה מסלאווי,False,True
אלי גלפרין,גבי דן,False,True
אלי גלפרין,יגאל עדיקא,False,True
אלי גלפרין,מוטי בן ישי,False,True
אלי גלפרין,עודד מנסטר,False,True
אלי גלפרין,שלומי קוריאט,False,True
אלי מנשה,מעיין עמרני,True,False
אלי תבור,אריה מוסקונה,False,True
אלי תבור,זאב רווח,False,True
אלי תבור,יגאל שילון,False,False
אלי תבור,יהודה בארקן,False,True
אלי תבור,משה טימור,False,True
אלי תבור,ניצה שאול,False,True
אלי תבור,קרוליין לנגפורד,False,False
אלי תבור,ששי קשת,False,True
אליאו בן זאב,ארקדי דוכין,False,False
אליאו בן זאב,גילי שושן,False,True
אליאו בן זאב,טיילור מלכוב,False,False
אליאו בן זאב,ישי לפידות,False,False
אליאו בן זאב,רונן הרשקוביץ,False,False
אליאו בן זאב,שי חי,False,False
אליאו בן זאב,ששי גז,False,False
אליאנה תדהר,גיל כהן,True,False
אליאנה תדהר,דין גרבר,True,False
אליאנה תדהר,יעל פדן,True,False
אליאנה תדהר,ליר עיסא,True,False
אליאנה תדהר,ניר כנען,True,False
אליאנה תדהר,עבדאללה עקל,True,False
אליאנה תדהר,עדי חבשוש,True,False
אליאנה תדהר,עדן מאירי,True,False
אליאנה תדהר,עידו אליאלי,True,False
אליאנה תדהר,קים אור אזולאי,True,False
אליה לסרי,אלמה דישי,False,False
אליה לסרי,אריה צ'רנר,False,True
אליה לסרי,גל לב,False,True
אליה לסרי,ליאור אשכנזי,False,True
אליה לסרי,קובי פרג',False,True
אליה לסרי,קרן צור,False,True
אליה לסרי,ריטה שוקרון,False,True
אליה לסרי,ששון גבאי,False,True
אליה לסרי,תימור כהן,False,True
אלינור סלע,דניאל סבג,False,True
אלינור סלע,יואב לוי,False,True
אלינור סלע,יעל לבנטל,False,True
אלינור סלע,מורין אמור,False,False
אלינור סלע,עידית טפרסון,False,True
אלינור סלע,ערן מור,False,False
אלינור סלע,רבקה בכר,False,True
אלינור סלע,ריימונד אמסלם,False,True
אלינור סלע,תיקי דיין,False,True
אליעד נחום,לין אשרוב,True,False
אליעד נחום,רוני נתנאל,True,False
אלישבע וייל,גלוריה בס,False,False
אלישבע וייל,דוד וולך,False,False
אלישבע וייל,חנה אזולאי-הספרי,False,True
אלישבע וייל,יואב הייט,False,True
אלישבע וייל,יובל דיין,False,False
אלישבע וייל,ליהי קורנובסקי,False,False
אלישבע וייל,לייב לב לוין,False,False
אלישבע וייל,סיני פתר,False,True
אלישבע וייל,עידית טפרסון,False,True
אלישבע וייל,רועי ניק,False,True
אלישבע וייל,רותם קינן,False,True
אלישבע וייל,שירי גדני,False,True
אלישבע וייל,תום חגי,False,True
אלישע בנאי,ביאן ענתיר,True,False
אלישע בנאי,דייוויד ברוזה,True,False
אלישע בנאי,יהלי סובול,True,False
אלישע בנאי,יעל פולמן,True,False
אלישע בנאי,יערה,True,False
אלישע בנאי,ירמי שיק בלום,True,False
אלישע בנאי,נטעלי גבירץ,True,False
אלישע בנאי,פייבמנט,True,False
אלישע בנאי,שרון קנטור,True,False
אלכס בכרי,ג'ונא סולימאן,False,False
אלכס בכרי,ג'ונה סולימאן,False,False
אלכס בכרי,דוריד לידוואי,False,False
אלכס בכרי,ח'ליפה נאטור,False,True
אלכס בכרי,יארה יארר,False,False
אלכס בכרי,מרוואן חמדן,False,False
אלכס בכרי,סלים דאו,False,True
אלמה דישי,אריה צ'רנר,False,True
אלמה דישי,גל לב,False,True
אלמה דישי,יואב בבלי,False,False
אלמה דישי,ליאור אשכנזי,False,True
אלמה דישי,לייב לב לוין,False,False
אלמה דישי,נעמי הררי,False,False
אלמה דישי,עזרא דגן,False,True
אלמה דישי,קובי זיסלין,False,False
אלמה דישי,קובי פרג',False,True
אלמה דישי,קרן צור,False,True
אלמה דישי,ריטה שוקרון,False,True
אלמה דישי,ששון גבאי,False,True
אלמה דישי,תימור כהן,False,True
אלעד צפני,ג'ובאני רוסו,True,False
אלעד צפני,דין מירושניקוב,True,False
אלעד צפני,ליאם גולן,True,False
אלעד צפני,רז זהבי,True,False
אלעד צפני,שייע פייגנבוים,True,False
אמה מדינג,אסי ישראלוף,False,True
אמה מדינג,דוד שאול,False,True
אמה מדינג,ציון ברוך,False,True
אמה מדינג,קופנגן,False,False
אמה מדינג,שלום מיכאלשווילי,False,True
אמור הדריה,אסתי זקהיים,False,True
אמור הדריה,גל אמיתי,False,False
אמור הדריה,דני גבע,False,True
אמור הדריה,יואב קרן,False,False
אמור הדריה,מנדי ברששת,False,False
אמור הדריה,עודד מנסטר,False,True
אמור הדריה,עתליה זהבי,False,False
אמור הדריה,רוני נדלר,False,False
אמיר שורוש,בן סלע,False,False
אמיר שורוש,גילי איצקוביץ',False,False
אמיר שורוש,גל אמיתי,False,False
אמיר שורוש,דניאל ליטמן,False,False
אמיר שורוש,טייסת,False,False
אמיר שורוש,ליהי קורנובסקי,False,False
אמיר שורוש,מאור שוויצר,False,True
אמיר שורוש,מפקד,False,False
אמיר שורוש,סרן,False,False
אמירה גרון,אני אימנדזה,False,False
אמירה גרון,ורוניקה קלנדרישבילי,False,False
אמירה גרון,טאקו טבטדז,False,False
אמירה גרון,ליז רביאן,False,False
אמירה גרון,נועה בן גיגי,False,False
אמירה גרון,נעמה שטרית,False,True
אמירה גרון,שיפי אלוני,False,True
אמירה גרון,שרי גבעתי,False,False
אמיתי קדר,אנסטסיה אוורבוך,False,False
אמיתי קדר,גל פרידמן,False,True
אמיתי קדר,זוהר שטראוס,False,True
אמיתי קדר,יואל רוזנקיאר,False,True
אמיתי קדר,ישי גולן,False,True
אמיתי קדר,ליאור רז,False,True
אמיתי קדר,מיכאל אלוני,False,True
אמיתי קדר,נטע שפיגלמן,False,True
אמיתי קדר,ניקולאי קינסקי,False,False
אמיתי קדר,סיון תדמור,False,False
אמיתי קדר,עוז זהבי,False,True
אמיתי קדר,רותם סלע,False,True
אמיתי קדר,שרון שטרק,False,True
אמל מורקוס,אסיל פרחאת,False,False
אמל מורקוס,ג'ואנה סעיד,False,False
אמל מורקוס,דאנה איבגי,False,True
אמל מורקוס,מרלן בג'אלי,False,True
אנדי מקדואל,דייוויד ואליאמס,False,False
אנדי מקדואל,טום קאלן,False,False
אנדי מקדואל,טמזין גרג,False,False
אנדי מקדואל,מישל גרינידג',False,False
אנדי מקדואל,מרים מרגוליס,False,False
אנדי מקדואל,סאלי פיליפס,False,False
אנדי מקדואל,ראקי תאקראר,False,False
אנה בלוג,אסתר מרטון,False,False
אנה בלוג,בוגלרקה קאוש,False,False
אנה בלוג,ג'וי ריגר,False,True
אנה בלוג,דומיניקה בירו פנה,False,False
אנה בלוג,ירדן ג'רבי,False,False
אנה בלוג,פטר לינקה,False,False
אנה בלוג,צ'רבה קרקס,False,False
אנה בלוג,תיקי דיין,False,True
אנה דוברוביצקי,ביאן ענתיר,True,False
אנה דוברוביצקי,יעל פולמן,True,False
אנה דוברוביצקי,יערה,True,False
אנה דוברוביצקי,ירמי שיק בלום,True,False
אנה דוברוביצקי,מיכה פרודובסקי,True,False
אנה זק,עומר דהן,False,False
אנה זק,עידן שקרוקה,False,False
אנה זק,שחף כרמל יעקובוביץ',False,False
אנחל בונני,ז'וזפין דראי,True,False
אנטון לסר,ג'רמי נוימרק ג'ונס,False,False
אנטון לסר,דויד קרוס,False,False
אנטון לסר,ז'יל בן דוד,False,True
אנטון לסר,מייקל סי פוקס,False,False
אני אימנדזה,ורוניקה קלנדרישבילי,False,False
אני אימנדזה,טאקו טבטדז,False,False
אני אימנדזה,ליז רביאן,False,False
אני אימנדזה,נועה בן גיגי,False,False
אני אימנדזה,נעמה שטרית,False,True
אני אימנדזה,שיפי אלוני,False,True
אני אימנדזה,שרי גבעתי,False,False
אניה בוקשטיין,לי גילת,True,False
אנסטסיה אוורבוך,גל פרידמן,False,True
אנסטסיה אוורבוך,זוהר שטראוס,False,True
אנסטסיה אוורבוך,יואל רוזנקיאר,False,True
אנסטסיה אוורבוך,ליאור רז,False,True
אנסטסיה אוורבוך,נטע שפיגלמן,False,True
אנסטסיה אוורבוך,סיון תדמור,False,False
אנסטסיה אוורבוך,רותם סלע,False,True
אנסטסיה אוורבוך,שרון שטרק,False,True
אנסטסיה פיין,דיקלה,True,False
אנסטסיה פיין,עידן עמדי,True,False
אנסטסיה צ'נטוראיה,גיווי צ'וגואשווילי,False,False
אנסטסיה צ'נטוראיה,מאטה טדוראדזה,False,False
אנסטסיה צ'נטוראיה,נטע ריסקין,False,True
אנסטסיה צ'נטוראיה,רולנד אוקרופירידזה,False,False
אסי ישראלוף,לירון וייסמן,True,False
אסי ישראלוף,נכה,True,False
אסי ישראלוף,קופנגן,True,False
אסי ישראלוף,רגל עץ,True,False
אסי לוי,גיא אריאלי,True,False
אסי לוי,לוטם טושינסקי,True,False
אסי לוי,מאור לוי,True,False
אסי לוי,עדי אלון,True,False
אסיל פרחאת,ג'ואנה סעיד,False,False
אסיל פרחאת,דאנה איבגי,False,True
אסיל פרחאת,מרלן בג'אלי,False,True
אסנת פישמן,יעל פדן,True,False
אסנת פישמן,ניר כנען,True,False
אסנת פישמן,עדי חבשוש,True,False
אסנת פישמן,עדן מאירי,True,False
אסנת פישמן,עידו אליאלי,True,False
אסנת פישמן,קים אור אזולאי,True,False
אסף הרץ,גיא גורביץ,False,True
אסף הרץ,יעל לבנטל,False,True
אסף הרץ,לירית בלבן,False,True
אסף הרץ,ניר שעיבי,False,False
אסף הרץ,נתי רביץ,False,True
אסף הרץ,ערן שראל,False,False
אסף הרץ,ריקי בליך,False,True
אסף פרי,אפרת וינטראוב,False,False
אסף פרי,ג'סמין גרין,False,False
אסף פרי,מי-רן מנקס,False,False
אסף פרי,צחי סדן,False,False
אסתי זקהיים,גל אמיתי,True,False
אסתי זקהיים,יואב קרן,True,False
אסתי זקהיים,מנדי ברששת,True,False
אסתי זקהיים,עתליה זהבי,True,False
אסתי זקהיים,רוני נדלר,True,False
אסתי קוסוביצקי,ג'ייד דייכס וויקס,True,False
אסתי קוסוביצקי,דנה קבסה,True,False
אסתי קוסוביצקי,ירדן תוסייה כהן,True,False
אסתי קוסוביצקי,ישי לפידות,True,False
אסתי קוסוביצקי,מוריה אקונס,True,False
אסתי קוסוביצקי,ניר שטראוס,True,False
אסתי קוסוביצקי,רועי ויינברג,True,False
אסתר מרטון,בוגלרקה קאוש,False,False
אסתר מרטון,ג'וי ריגר,False,True
אסתר מרטון,דומיניקה בירו פנה,False,False
אסתר מרטון,ירדן ג'רבי,False,False
אסתר מרטון,פטר לינקה,False,False
אסתר מרטון,צ'רבה קרקס,False,False
אסתר מרטון,תיקי דיין,False,True
אפרת בן צור,עידו טאקו,True,False
אפרת בן צור,"צה""ל",True,False
אפרת וינטראוב,ג'סמין גרין,False,False
אפרת וינטראוב,מי-רן מנקס,False,False
אפרת וינטראוב,צחי סדן,False,False
אקו מורגנשטרן,ג'ימבו ג'יי,False,True
אקו מורגנשטרן,טונה,False,False
אקו מורגנשטרן,ירמי אומני,False,False
אקו מורגנשטרן,מוריה אקונס,False,False
אקו מורגנשטרן,עידן אלתרמן,False,True
אקו מורגנשטרן,עמית אולמן,False,False
אקו מורגנשטרן,פלד,False,False
אקי אבני,גל אמיתי,True,False
אקי אבני,דין גרבר,True,False
אקי אבני,עידן תלם,True,False
אקי אבני,קווין רובין,True,False
אקי אבני,שירה לוי,True,False
אראש מרנדי,גולשיפתה פראהאני,False,False
אראש מרנדי,זאר אמיר אבראהימי,False,False
אראש מרנדי,מינא קאוואני,False,False
אראש מרנדי,סינה פרוואנה,False,False
אראש מרנדי,קטיונה אחמדי,False,False
אראש מרנדי,רזא דיאקו,False,False
ארז עובד,הרצל טובי,False,True
ארז עובד,יהונתן וילוז'ני,False,True
ארז עובד,ליר כץ,False,True
ארז עובד,מילי עשת,False,True
ארז עובד,סוול אריאל אור,False,False
ארז עובד,עופר גרינברג,False,False
ארז עובד,פאולה קרו,False,False
ארז עובד,תמיר גינזבורג,False,True
אריה ברנע,גבריאל בך,False,False
אריה ברנע,דינה פורת,False,False
אריה ברנע,חנה יבלונקה,False,False
אריה ברנע,יהודה באואר,False,False
אריה ברנע,יואל רפל,False,False
אריה ברנע,יצחק ארד,False,False
אריה ברנע,ישראל גוטמן,False,False
אריה ברנע,עמר ברטוב,False,False
אריה מוסקונה,יגאל שילון,True,False
אריה מוסקונה,קרוליין לנגפורד,True,False
אריה צ'רנר,ז'וזפין דראי,True,False
אריק משעלי,דניאל אסייג,True,False
אריק משעלי,חי דוידוב,True,False
אריק משעלי,לינור אברג'יל,True,False
אריק משעלי,סשה דמידוב,True,False
אריק משעלי,עדי אלון,True,False
אריק משעלי,פלורה סעדה,True,False
אריק משעלי,שרלין חזיזה,True,False
ארקדי דוכין,גילי שושן,False,True
ארקדי דוכין,טיילור מלכוב,False,False
ארקדי דוכין,ישי לפידות,False,False
ארקדי דוכין,רונן הרשקוביץ,False,False
ארקדי דוכין,שי חי,False,False
ארקדי דוכין,ששי גז,False,False
ארקדי שוסטר,דוד אדרי,False,False
ארקדי שוסטר,יונס,False,False
ארקדי שוסטר,מירב גרובר,False,True
ארקדי שוסטר,רחל אדרי,False,False
בוגלרקה קאוש,ג'וי ריגר,False,True
בוגלרקה קאוש,דומיניקה בירו פנה,False,False
בוגלרקה קאוש,ירדן ג'רבי,False,False
בוגלרקה קאוש,פטר לינקה,False,False
בוגלרקה קאוש,צ'רבה קרקס,False,False
בוגלרקה קאוש,תיקי דיין,False,True
בועז קונפורטי,דיקלה,True,False
בועז קונפורטי,עידן עמדי,True,False
ביאן ענתיר,יעל פולמן,False,False
ביאן ענתיר,יערה,False,False
ביאן ענתיר,ירמי שיק בלום,False,False
ביאן ענתיר,מאיר סוויסה,False,True
ביאן ענתיר,רן דנקר,False,True
בן סולטן,יוסי מרשק,False,True
בן סולטן,יעל אבקסיס,False,True
בן סולטן,ריקי רייף סיני,False,False
בן סלע,גילי איצקוביץ',False,False
בן סלע,גל אמיתי,False,False
בן סלע,דניאל ליטמן,False,False
בן סלע,טייסת,False,False
בן סלע,ליהי קורנובסקי,False,False
בן סלע,מאור שוויצר,False,True
בן סלע,מפקד,False,False
בן סלע,סרן,False,False
בר זומר,יואב לוי,False,True
בר זומר,ישראל אטיאס,False,True
בר זומר,מאיר תמם,False,False
בר זומר,מייקל קביה אהרוני,False,False
בר זומר,משה אשכנזי,False,True
בר זומר,צביקה הדר,False,True
בר זומר,קים אור אזולאי,False,False
בר זומר,שון מונגוזה,False,False
בת אל מוסרי,ז'וזפין דראי,True,False
ג'ואנה סעיד,דאנה איבגי,False,True
ג'ואנה סעיד,מרלן בג'אלי,False,True
ג'ובאני רוסו,דין מירושניקוב,False,False
ג'ובאני רוסו,זהר ליבה,False,True
ג'ובאני רוסו,ירון ברלד,False,True
ג'ובאני רוסו,ליאם גולן,False,False
ג'ובאני רוסו,ניר לוי,False,True
ג'ובאני רוסו,רז זהבי,False,False
ג'ובאני רוסו,שייע פייגנבוים,False,False
ג'וי ריגר,גיל כהן,True,False
ג'וי ריגר,דומיניקה בירו פנה,True,False
ג'וי ריגר,דין גרבר,True,False
ג'וי ריגר,ירדן ג'רבי,True,False
ג'וי ריגר,ליר עיסא,True,False
ג'וי ריגר,עבדאללה עקל,True,False
ג'וי ריגר,פטר לינקה,True,False
ג'וי ריגר,צ'רבה קרקס,True,False
ג'ונא סולימאן,ג'ונה סולימאן,False,False
ג'ונא סולימאן,דוריד לידוואי,False,False
ג'ונא סולימאן,ח'ליפה נאטור,False,True
ג'ונא סולימאן,יארה יארר,False,False
ג'ונא סולימאן,מרוואן חמדן,False,False
ג'ונא סולימאן,סלים דאו,False,True
ג'ונה סולימאן,דוריד לידוואי,False,False
ג'ונה סולימאן,ח'ליפה נאטור,False,True
ג'ונה סולימאן,יארה יארר,False,False
ג'ונה סולימאן,מרוואן חמדן,False,False
ג'ונה סולימאן,סלים דאו,False,True
ג'יטה מונטה,יהושע סובול,True,False
ג'יטה מונטה,כרמל בין,True,False
ג'ייד דייכס וויקס,דנה קבסה,False,False
ג'ייד דייכס וויקס,יגאל שדה,False,True
ג'ייד דייכס וויקס,יעקב זדה דניאל,False,True
ג'ייד דייכס וויקס,ניר שטראוס,False,False
ג'ייד דייכס וויקס,פיני טבגר,False,True
ג'ייד דייכס וויקס,רמי ברוך,False,True
ג'ימבו ג'יי,טונה,True,False
ג'ימבו ג'יי,ירמי אומני,True,False
ג'ימבו ג'יי,מוריה אקונס,True,False
ג'ימבו ג'יי,עמית אולמן,True,False
ג'ימבו ג'יי,פלד,True,False
ג'לאל מסראווה,דאנה איבגי,False,True
ג'לאל מסראווה,עלא דקה,False,True
ג'סמין גרין,מי-רן מנקס,False,False
ג'סמין גרין,צחי סדן,False,False
ג'רמי נוימרק ג'ונס,דויד קרוס,False,False
ג'רמי נוימרק ג'ונס,ז'יל בן דוד,False,True
ג'רמי נוימרק ג'ונס,מייקל סי פוקס,False,False
גבריאל בך,דינה פורת,False,False
גבריאל בך,חנה יבלונקה,False,False
גבריאל בך,יהודה באואר,False,False
גבריאל בך,יואל רפל,False,False
גבריאל בך,יצחק ארד,False,False
גבריאל בך,ישראל גוטמן,False,False
גבריאל בך,עמר ברטוב,False,False
גולשיפתה פראהאני,זאר אמיר אבראהימי,False,False
גולשיפתה פראהאני,מינא קאוואני,False,False
גולשיפתה פראהאני,סינה פרוואנה,False,False
גולשיפתה פראהאני,קטיונה אחמדי,False,False
גולשיפתה פראהאני,רזא דיאקו,False,False
גיא אריאלי,לבנה פינקלשטיין,False,True
גיא אריאלי,לוטם טושינסקי,False,False
גיא אריאלי,ליטל שוורץ,False,True
גיא אריאלי,מאור לוי,False,False
גיא אריאלי,עדי אלון,False,False
גיא אריאלי,רועי אסף,False,True
גיא אריאלי,שאדי מרעי,False,True
גיא אריאלי,ששון גבאי,False,True
גיא גורביץ,ניר שעיבי,True,False
גיא גורביץ,ערן שראל,True,False
גיווי צ'וגואשווילי,מאטה טדוראדזה,False,False
גיווי צ'וגואשווילי,נטע ריסקין,False,True
גיווי צ'וגואשווילי,רולנד אוקרופירידזה,False,False
גיל וייס,דור הררי,False,True
גיל וייס,דניאל ליטמן,False,False
גיל וייס,ידין גלמן,False,False
גיל וייס,יואב רוטמן,False,True
גיל וייס,יותם קושניר,False,True
גיל וייס,יעל שטולמן,False,False
גיל וייס,נועם שנהב,False,False
גיל וייס,עמית פרקש,False,True
גיל כהן,דין גרבר,False,False
גיל כהן,הישאם סלימאן,False,True
גיל כהן,יונתן ברק,False,True
גיל כהן,ליר עיסא,False,False
גיל כהן,עבדאללה עקל,False,False
גיל כהן,תום אבני,False,True
גילי,חיים זנאתי,False,True
גילי,חנה'לה,False,False
גילי,חני נחמיאס,False,True
גילי,מיכאל גבעתי,False,False
גילי,מיכל ויצמן,False,False
גילי,נואל ברקוביץ',False,True
גילי,צילי,False,False
גילי,שירן סנדל,False,True
גילי,שלמה וישינסקי,False,True
גילי איצקוביץ',גל אמיתי,False,False
גילי איצקוביץ',דניאל ליטמן,False,False
גילי איצקוביץ',טייסת,False,False
גילי איצקוביץ',ליהי קורנובסקי,False,False
גילי איצקוביץ',מאור שוויצר,False,True
גילי איצקוביץ',מפקד,False,False
גילי איצקוביץ',סרן,False,False
גילי שושן,טיילור מלכוב,True,False
גילי שושן,ישי לפידות,True,False
גילי שושן,רונן הרשקוביץ,True,False
גילי שושן,שי חי,True,False
גילי שושן,ששי גז,True,False
גל אמיתי,דין גרבר,False,False
גל אמיתי,דני גבע,False,True
גל אמיתי,דניאל ליטמן,False,False
גל אמיתי,חן אמסלם,False,True
גל אמיתי,טייסת,False,False
גל אמיתי,טל גרושקה,False,True
גל אמיתי,יואב קרן,False,False
גל אמיתי,יותם גוטל,False,False
גל אמיתי,ליהי קורנובסקי,False,False
גל אמיתי,מאור שוויצר,False,True
גל אמיתי,מיטל נר,False,False
גל אמיתי,מנדי ברששת,False,False
גל אמיתי,מפקד,False,False
גל אמיתי,מרט פרחומובסקי,False,False
גל אמיתי,ניר שטראוס,False,False
גל אמיתי,סרן,False,False
גל אמיתי,עודד מנסטר,False,True
גל אמיתי,עידן תלם,False,False
גל אמיתי,ענת עצמון,False,True
גל אמיתי,עתליה זהבי,False,False
גל אמיתי,קווין רובין,False,False
גל אמיתי,רוני נדלר,False,False
גל אמיתי,שירה לוי,False,False
גל מלכה,יחזקאל לזרוב,False,True
גל מלכה,יפתח קליין,False,True
גל מלכה,לארס איידינגר,False,False
גל מלכה,מסאיי מסייבסקי,False,False
גל מלכה,משה פולקנפליק,False,True
גל מלכה,עפרי פרישקולניק אלדד,False,False
גל מלכה,שון סופטי,False,False
גל מלכה,שרה אדלר,False,True
גל פרידמן,סיון תדמור,True,False
גלוריה בס,דוד וולך,False,False
גלוריה בס,חנה אזולאי-הספרי,False,True
גלוריה בס,יובל דיין,False,False
גלוריה בס,ליהי קורנובסקי,False,False
גלוריה בס,סיני פתר,False,True
גלוריה בס,רועי ניק,False,True
גלוריה בס,רותם קינן,False,True
גלעד לדרמן,דרור קרן,False,True
גלעד לדרמן,ירדן בר-כוכבא,False,True
גלעד לדרמן,ישראל ברייט,False,True
גלעד לדרמן,נטע רוט,False,False
גרא סנדלר,דניאל אסייג,True,False
גרא סנדלר,חי דוידוב,True,False
דאנה איבגי,לי גילת,True,False
דאשה טבורונוביץ',הילה סורג'ון פישר,False,True
דאשה טבורונוביץ',ויקטוריה קוזאק,False,False
דאשה טבורונוביץ',יעקב זדה דניאל,False,True
דאשה טבורונוביץ',לנה פרייפלד,False,False
דובי גל,הלל מיטלפונקט,True,False
דובי גל,יהודה אטלס,True,False
דובי גל,שלישיית מה קשור,True,False
דוד אדרי,יונס,False,False
דוד אדרי,מירב גרובר,False,True
דוד אדרי,רחל אדרי,False,False
דוד וולך,חנה אזולאי-הספרי,False,True
דוד וולך,יובל דיין,False,False
דוד וולך,ליהי קורנובסקי,False,False
דוד וולך,סיני פתר,False,True
דוד וולך,רועי ניק,False,True
דוד וולך,רותם קינן,False,True
דוד שאול,לירון וייסמן,True,False
דוד שאול,נכה,True,False
דוד שאול,קופנגן,True,False
דוד שאול,רגל עץ,True,False
דודו באוכנר,חגית בן עמי,True,False
דודו באוכנר,יוליה טגיל,True,False
דודו באוכנר,קרן פלס,True,False
דודי גודר,דני רייספלד,False,False
דודי גודר,חן אמסלם,False,True
דודי גודר,יניב סוויסה,False,True
דודי גודר,יריב הורוביץ,False,False
דודי גודר,לבנה פינקלשטיין,False,True
דודי גודר,מורן גרוס,False,False
דודי גודר,צחי הלוי,False,True
דודי גודר,שלום אסייג,False,True
דויד קרוס,ז'יל בן דוד,False,True
דויד קרוס,מייקל סי פוקס,False,False
דומיניקה בירו פנה,ירדן ג'רבי,False,False
דומיניקה בירו פנה,פטר לינקה,False,False
דומיניקה בירו פנה,צ'רבה קרקס,False,False
דומיניקה בירו פנה,תיקי דיין,False,True
דור גל,"ירדן ""ג'ורדי"" פלג",False,False
דור גל,"לירז ""סטטיק"" רוסו",False,False
דור גל,משה רוסו,False,False
דור גל,ניצה אדל רוסו,False,False
דור גל,עידו נצר,False,False
דור גל,עמית מרדכי,False,False
דור גל,קובי צברי,False,False
דור גל,רון ביטון,False,False
דור הררי,דניאל ליטמן,True,False
דור הררי,ידין גלמן,True,False
דור הררי,יעל שטולמן,True,False
דור הררי,נועם שנהב,True,False
"דור מוסקל, עומר ריבק ורותם קפלינסקי",המנהל האומנותי,False,False
"דור מוסקל, עומר ריבק ורותם קפלינסקי",מלטה,False,False
"דור מוסקל, עומר ריבק ורותם קפלינסקי",עדן סבן,False,False
"דור מוסקל, עומר ריבק ורותם קפלינסקי",עלמה זק,False,True
"דור מוסקל, עומר ריבק ורותם קפלינסקי",ערוץ הכיבוד,False,False
"דור מוסקל, עומר ריבק ורותם קפלינסקי",ערן זרחוביץ',False,False
"דור מוסקל, עומר ריבק ורותם קפלינסקי",רותם סלע,False,True
"דור מוסקל, עומר ריבק ורותם קפלינסקי",תום יער,False,False
דוריד לידוואי,ח'ליפה נאטור,False,True
דוריד לידוואי,יארה יארר,False,False
דוריד לידוואי,מרוואן חמדן,False,False
דוריד לידוואי,סלים דאו,False,True
דורית לב ארי,מעיין עמרני,True,False
דיאנה גולבי,יניב ביטון,False,True
דיאנה גולבי,מוני מושונוב,False,True
דיאנה גולבי,מיכאל מושונוב,False,True
דיאנה גולבי,מנשה נוי,False,True
דיאנה גולבי,פולי רשף,False,True
דיאנה גולבי,צחי גראד,False,True
דיאנה גולבי,קרן מור,False,True
דיאנה גולבי,רונן דוידוב,False,False
דיאנה גולבי,תאמר נפאר,False,True
דייוויד ברוזה,דן תורן,False,True
דייוויד ברוזה,יהלי סובול,False,False
דייוויד ברוזה,יובל מנדלסון,False,True
דייוויד ברוזה,מאור כהן,False,True
דייוויד ברוזה,נטעלי גבירץ,False,False
דייוויד ברוזה,פייבמנט,False,False
דייוויד ברוזה,רמי פורטיס,False,True
דייוויד ברוזה,שרון קנטור,False,False
דייוויד ואליאמס,טום קאלן,False,False
דייוויד ואליאמס,טמזין גרג,False,False
דייוויד ואליאמס,מישל גרינידג',False,False
דייוויד ואליאמס,מרים מרגוליס,False,False
דייוויד ואליאמס,סאלי פיליפס,False,False
דייוויד ואליאמס,ראקי תאקראר,False,False
דין גרבר,הישאם סלימאן,False,True
דין גרבר,חן אמסלם,False,True
דין גרבר,טל גרושקה,False,True
דין גרבר,יונתן ברק,False,True
דין גרבר,ליר עיסא,False,False
דין גרבר,עבדאללה עקל,False,False
דין גרבר,עידן תלם,False,False
דין גרבר,קווין רובין,False,False
דין גרבר,שירה לוי,False,False
דין גרבר,תום אבני,False,True
דין מירושניקוב,דניאל אליאסי,False,False
דין מירושניקוב,הילה סעדה,False,True
דין מירושניקוב,זהר ליבה,False,True
דין מירושניקוב,יהודה גרובייס,False,True
דין מירושניקוב,יהודה רוזנווסר,False,False
דין מירושניקוב,ירון ברלד,False,True
דין מירושניקוב,ישראל אוגלבו,False,False
דין מירושניקוב,ליאם גולן,False,False
דין מירושניקוב,מורן רוזנבלט,False,True
דין מירושניקוב,ניר לוי,False,True
דין מירושניקוב,נתנאל מרדכי הלוי,False,False
דין מירושניקוב,עידן צברי,False,False
דין מירושניקוב,ענת וקסמן,False,True
דין מירושניקוב,רז זהבי,False,False
דין מירושניקוב,שייע פייגנבוים,False,False
דין מירושניקוב,שלמה סדן,False,True
דינה פורת,חנה יבלונקה,False,False
דינה פורת,יהודה באואר,False,False
דינה פורת,יואל רפל,False,False
דינה פורת,יצחק ארד,False,False
דינה פורת,ישראל גוטמן,False,False
דינה פורת,עמר ברטוב,False,False
דיקלה,טלי שרון,False,True
דיקלה,יגאל נאור,False,True
דיקלה,עידן עמדי,False,False
דיקלה,שרה פון שוורצה,False,True
דן תורן,הלל מיטלפונקט,True,False
דן תורן,יהודה אטלס,True,False
דן תורן,יהלי סובול,True,False
דן תורן,נטעלי גבירץ,True,False
דן תורן,פייבמנט,True,False
דן תורן,שלישיית מה קשור,True,False
דן תורן,שרון קנטור,True,False
דנה קבסה,יגאל שדה,False,True
דנה קבסה,יעקב זדה דניאל,False,True
דנה קבסה,ניר שטראוס,False,False
דנה קבסה,פיני טבגר,False,True
דנה קבסה,רמי ברוך,False,True
דני גבע,יואב קרן,True,False
דני גבע,מנדי ברששת,True,False
דני גבע,עתליה זהבי,True,False
דני גבע,רוני נדלר,True,False
דני רייספלד,חן אמסלם,False,True
דני רייספלד,יניב סוויסה,False,True
דני רייספלד,יריב הורוביץ,False,False
דני רייספלד,לבנה פינקלשטיין,False,True
דני רייספלד,מורן גרוס,False,False
דני רייספלד,צחי הלוי,False,True
דני רייספלד,שלום אסייג,False,True
דניאל אליאסי,יהודה גרובייס,False,True
דניאל אליאסי,יהודה רוזנווסר,False,False
דניאל אליאסי,נתנאל מרדכי הלוי,False,False
דניאל אליאסי,עידן צברי,False,False
דניאל אליאסי,שלמה סדן,False,True
דניאל אסייג,הרצל טובי,False,True
דניאל אסייג,חי דוידוב,False,False
דניאל אסייג,לינור אברג'יל,False,False
דניאל אסייג,עדי אלון,False,False
דניאל אסייג,עפר שכטר,False,True
דניאל אסייג,צחי נוי,False,True
דניאל אסייג,שלום אסייג,False,True
דניאל אסייג,שלומי קוריאט,False,True
דניאל אסייג,שרלין חזיזה,False,False
דניאל ליטמן,הולגר ירמיש,False,False
דניאל ליטמן,הלל ינאי שני,False,False
דניאל ליטמן,טייסת,False,False
דניאל ליטמן,ידין גלמן,False,False
דניאל ליטמן,יואב רוטמן,False,True
דניאל ליטמן,יותם קושניר,False,True
דניאל ליטמן,יעל שטולמן,False,False
דניאל ליטמן,ליהי קורנובסקי,False,False
דניאל ליטמן,מאור שוויצר,False,True
דניאל ליטמן,מוריס כהן,False,True
דניאל ליטמן,מפקד,False,False
דניאל ליטמן,נועם שנהב,False,False
דניאל ליטמן,סרן,False,False
דניאל ליטמן,עדי גילת,False,False
דניאל ליטמן,עמית פרקש,False,True
דניאל מורשת,משי קליינשטיין,True,False
דניאל סבג,מורין אמור,True,False
דניאל סבג,ערן מור,True,False
דניאלה קרטס,חואן פאבלו אוליסלאגר,True,False
דניאלה קרטס,חואן פרידמן,True,False
דניאלה קרטס,לונא מנסור,True,False
דניאלה קרטס,ליעוז לוי,True,False
דניאלה קרטס,מאיה עשת,True,False
דניאלה קרטס,סטפני מרידה,True,False
דניאלה קרטס,פאולה טירדו,True,False
דר זוזובסקי,ריימונלד אמסלם,True,False
דרור קרן,יהושע סובול,True,False
דרור קרן,ירדן תוסייה כהן,True,False
דרור קרן,ישי לפידות,True,False
דרור קרן,כרמל בין,True,False
דרור קרן,מוריה אקונס,True,False
דרור קרן,נטע רוט,True,False
דרור קרן,רועי ויינברג,True,False
דריה רוזן,יעקב זדה דניאל,False,True
דריה רוזן,ליה אללוף,False,False
דריה רוזן,נטע גרטי,False,True
דריה רוזן,עידו טאקו,False,False
דריה רוזן,שלומי שבן,False,False
הדס ירון,הילה רוח,True,False
הדס ירון,יבגני מוליבוגה,True,False
הדס ירון,סימור דניאל,True,False
הולגר ירמיש,הלל ינאי שני,False,False
הולגר ירמיש,מוריס כהן,False,True
הולגר ירמיש,עדי גילת,False,False
הילה סורג'ון פישר,ויקטוריה קוזאק,True,False
הילה סורג'ון פישר,לנה פרייפלד,True,False
הילה סעדה,סשה דמידוב,True,False
הילה סעדה,פלורה סעדה,True,False
הילה רוח,טלי שרון,False,True
הילה רוח,יבגני מוליבוגה,False,False
הילה רוח,מעיין תורג'מן,False,True
הילה רוח,סימור דניאל,False,False
הילה רוח,סמירה סרייה,False,True
הילה רוח,עומר ברנע,False,True
הילה רוח,קוסטה קפלן,False,True
הישאם סלימאן,ליר עיסא,True,False
הישאם סלימאן,עבדאללה עקל,True,False
הלל ינאי שני,מוריס כהן,False,True
הלל ינאי שני,עדי גילת,False,False
הלל מיטלפונקט,זאב רווח,False,True
הלל מיטלפונקט,זהבה בן,False,True
הלל מיטלפונקט,חני נחמיאס,False,True
הלל מיטלפונקט,יהודה אטלס,False,False
הלל מיטלפונקט,יונה אליאן,False,True
הלל מיטלפונקט,ניצה שאול,False,True
הלל מיטלפונקט,שלישיית מה קשור,False,False
המנהל האומנותי,מלטה,False,False
המנהל האומנותי,עדן סבן,False,False
המנהל האומנותי,עלמה זק,False,True
המנהל האומנותי,ערוץ הכיבוד,False,False
המנהל האומנותי,ערן זרחוביץ',False,False
המנהל האומנותי,רותם סלע,False,True
המנהל האומנותי,תום יער,False,False
הרצל טובי,חי דוידוב,True,False
הרצל טובי,סוול אריאל אור,True,False
הרצל טובי,עופר גרינברג,True,False
הרצל טובי,פאולה קרו,True,False
ויקטוריה קוזאק,יעקב זדה דניאל,False,True
ויקטוריה קוזאק,לנה פרייפלד,False,False
ויקטוריה רוסובסקי,לב לוין,False,False
ורוניקה קלנדרישבילי,טאקו טבטדז,False,False
ורוניקה קלנדרישבילי,ליז רביאן,False,False
ורוניקה קלנדרישבילי,נועה בן גיגי,False,False
ורוניקה קלנדרישבילי,נעמה שטרית,False,True
ורוניקה קלנדרישבילי,שיפי אלוני,False,True
ורוניקה קלנדרישבילי,שרי גבעתי,False,False
ז'וזפין דראי,מוריס כהן,False,True
ז'וזפין דראי,נלי תגר,False,True
ז'יל בן דוד,מייקל סי פוקס,True,False
זאב רווח,יגאל שילון,True,False
זאב רווח,יהודה אטלס,True,False
זאב רווח,סשה דמידוב,True,False
זאב רווח,פלורה סעדה,True,False
זאב רווח,קרוליין לנגפורד,True,False
זאב רווח,שלישיית מה קשור,True,False
זאר אמיר אבראהימי,מינא קאוואני,False,False
זאר אמיר אבראהימי,סינה פרוואנה,False,False
זאר אמיר אבראהימי,קטיונה אחמדי,False,False
זאר אמיר אבראהימי,רזא דיאקו,False,False
זהבה בן,יהודה אטלס,True,False
זהבה בן,שלישיית מה קשור,True,False
זהר ליבה,ליאם גולן,True,False
זהר ליבה,רז זהבי,True,False
זהר ליבה,שייע פייגנבוים,True,False
זוהר ז'נט סבג,מוטי בן ישי,False,True
זוהר ז'נט סבג,מילי עשת,False,True
זוהר ז'נט סבג,צביקה פישזון,False,False
זוהר ז'נט סבג,רועי אסף,False,True
זוהר ז'נט סבג,שמעון מימרן,False,True
זוהר שטראוס,סיון תדמור,True,False
זיגמונד פרויד,יעל אבקסיס,False,True
זיגמונד פרויד,מתייה אמלריק,False,True
זיגמונד פרויד,קרן מור,False,True
ח'ליפה נאטור,יארה יארר,True,False
ח'ליפה נאטור,מרוואן חמדן,True,False
חגית בן עמי,יוליה טגיל,False,False
חגית בן עמי,ישי גולן,False,True
חגית בן עמי,עודד מנסטר,False,True
חגית בן עמי,קרן פלס,False,False
חואן פאבלו אוליסלאגר,חואן פרידמן,False,False
חואן פאבלו אוליסלאגר,לונא מנסור,False,False
חואן פאבלו אוליסלאגר,ליעוז לוי,False,False
חואן פאבלו אוליסלאגר,מאיה עשת,False,False
חואן פאבלו אוליסלאגר,סטפני מרידה,False,False
חואן פאבלו אוליסלאגר,פאולה טירדו,False,False
חואן פאבלו אוליסלאגר,תום גרציאני,False,True
חואן פרידמן,לונא מנסור,False,False
חואן פרידמן,ליעוז לוי,False,False
חואן פרידמן,מאיה עשת,False,False
חואן פרידמן,סטפני מרידה,False,False
חואן פרידמן,פאולה טירדו,False,False
חואן פרידמן,תום גרציאני,False,True
חי דוידוב,עפר שכטר,False,True
חי דוידוב,שלום אסייג,False,True
חי דוידוב,שלומי קוריאט,False,True
חיים זנאתי,חנה'לה,True,False
חיים זנאתי,מיכאל גבעתי,True,False
חיים זנאתי,מיכל ויצמן,True,False
חיים זנאתי,סשה דמידוב,True,False
חיים זנאתי,פלורה סעדה,True,False
חיים זנאתי,צילי,True,False
חן אמסלם,יריב הורוביץ,True,False
חן אמסלם,מורן גרוס,True,False
חן אמסלם,עידן תלם,True,False
חן אמסלם,קווין רובין,True,False
חן אמסלם,שירה לוי,True,False
חן אמסלם-זגורי,לאונן,True,False
חן אמסלם-זגורי,ליאנה עיון,True,False
חן אמסלם-זגורי,מאור לוי,True,False
חן אמסלם-זגורי,סכיזופרן,True,False
חנה אזולאי-הספרי,יובל דיין,True,False
חנה אזולאי-הספרי,ליהי קורנובסקי,True,False
חנה יבלונקה,יהודה באואר,False,False
חנה יבלונקה,יואל רפל,False,False
חנה יבלונקה,יצחק ארד,False,False
חנה יבלונקה,ישראל גוטמן,False,False
חנה יבלונקה,עמר ברטוב,False,False
חנה'לה,חני נחמיאס,False,True
חנה'לה,מיכאל גבעתי,False,False
חנה'לה,מיכל ויצמן,False,False
חנה'לה,נואל ברקוביץ',False,True
חנה'לה,צילי,False,False
חנה'לה,שירן סנדל,False,True
חנה'לה,שלמה וישינסקי,False,True
חני נחמיאס,יהודה אטלס,True,False
חני נחמיאס,מיכאל גבעתי,True,False
חני נחמיאס,מיכל ויצמן,True,False
חני נחמיאס,צילי,True,False
חני נחמיאס,שלישיית מה קשור,True,False
טאקו טבטדז,ליז רביאן,False,False
טאקו טבטדז,נועה בן גיגי,False,False
טאקו טבטדז,נעמה שטרית,False,True
טאקו טבטדז,שיפי אלוני,False,True
טאקו טבטדז,שרי גבעתי,False,False
טום קאלן,טמזין גרג,False,False
טום קאלן,מישל גרינידג',False,False
טום קאלן,מרים מרגוליס,False,False
טום קאלן,סאלי פיליפס,False,False
טום קאלן,ראקי תאקראר,False,False
טונה,ירמי אומני,False,False
טונה,מוריה אקונס,False,False
טונה,עידן אלתרמן,False,True
טונה,עמית אולמן,False,False
טונה,פלד,False,False
טיילור מלכוב,ישי לפידות,False,False
טיילור מלכוב,עומר חזן,False,True
טיילור מלכוב,רונן הרשקוביץ,False,False
טיילור מלכוב,רז מזרחי,False,False
טיילור מלכוב,שי חי,False,False
טיילור מלכוב,ששי גז,False,False
טייסת,ליהי קורנובסקי,False,False
טייסת,מאור שוויצר,False,True
טייסת,מפקד,False,False
טייסת,סרן,False,False
טל גרושקה,עידן תלם,True,False
טל גרושקה,קווין רובין,True,False
טל גרושקה,שירה לוי,True,False
טלי שרון,יבגני מוליבוגה,True,False
טלי שרון,סימור דניאל,True,False
טלי שרון,עידן עמדי,True,False
טמזין גרג,מישל גרינידג',False,False
טמזין גרג,מרים מרגוליס,False,False
טמזין גרג,סאלי פיליפס,False,False
טמזין גרג,ראקי תאקראר,False,False
יארה יארר,מרוואן חמדן,False,False
יארה יארר,סלים דאו,False,True
יבגני מוליבוגה,מעיין תורג'מן,False,True
יבגני מוליבוגה,סימור דניאל,False,False
יבגני מוליבוגה,סמירה סרייה,False,True
יבגני מוליבוגה,עומר ברנע,False,True
יבגני מוליבוגה,קוסטה קפלן,False,True
יגאל נאור,עידן עמדי,True,False
יגאל שדה,ניר שטראוס,True,False
יגאל שילון,יהודה בארקן,False,True
יגאל שילון,משה טימור,False,True
יגאל שילון,ניצה שאול,False,True
יגאל שילון,קרוליין לנגפורד,False,False
יגאל שילון,ששי קשת,False,True
ידין גלמן,יואב רוטמן,False,True
ידין גלמן,יותם קושניר,False,True
ידין גלמן,יעל שטולמן,False,False
ידין גלמן,נועם שנהב,False,False
ידין גלמן,עמית פרקש,False,True
יהב גולדנברג,יורם טולדנו,False,True
יהב גולדנברג,ינון קנר,False,False
יהב גולדנברג,נמרוד פלג,False,False
יהב גולדנברג,רן קפלן,False,False
יהב גולדנברג,שמעון מימרן,False,True
יהודה אטלס,יונה אליאן,False,True
יהודה אטלס,ניצה שאול,False,True
יהודה אטלס,שלישיית מה קשור,False,False
יהודה באואר,יואל רפל,False,False
יהודה באואר,יצחק ארד,False,False
יהודה באואר,ישראל גוטמן,False,False
יהודה באואר,עמר ברטוב,False,False
יהודה בארקן,קרוליין לנגפורד,True,False
יהודה גרובייס,יהודה רוזנווסר,True,False
יהודה גרובייס,נתנאל מרדכי הלוי,True,False
יהודה גרובייס,עידן צברי,True,False
יהודה רוזנווסר,נתנאל מרדכי הלוי,False,False
יהודה רוזנווסר,עידן צברי,False,False
יהודה רוזנווסר,שלמה סדן,False,True
יהונתן וילוז'ני,סוול אריאל אור,True,False
יהונתן וילוז'ני,עופר גרינברג,True,False
יהונתן וילוז'ני,פאולה קרו,True,False
יהושע סובול,כרמל בין,False,False
יהלי סובול,יובל מנדלסון,False,True
יהלי סובול,מאור כהן,False,True
יהלי סובול,נטעלי גבירץ,False,False
יהלי סובול,פייבמנט,False,False
יהלי סובול,רמי פורטיס,False,True
יהלי סובול,שרון קנטור,False,False
יואב בבלי,לייב לב לוין,False,False
יואב בבלי,נעמי הררי,False,False
יואב בבלי,עזרא דגן,False,True
יואב בבלי,קובי זיסלין,False,False
יואב הייט,לייב לב לוין,True,False
יואב לוי,מאיר תמם,True,False
יואב לוי,מורין אמור,True,False
יואב לוי,מייקל קביה אהרוני,True,False
יואב לוי,ערן מור,True,False
יואב לוי,קים אור אזולאי,True,False
יואב לוי,שון מונגוזה,True,False
יואב קרן,מנדי ברששת,False,False
יואב קרן,עודד מנסטר,False,True
יואב קרן,עתליה זהבי,False,False
יואב קרן,רוני נדלר,False,False
יואב רוטמן,יעל שטולמן,True,False
יואב רוטמן,נועם שנהב,True,False
יואל רוזנקיאר,ניקולאי קינסקי,True,False
יואל רוזנקיאר,סיון תדמור,True,False
יואל רפל,יצחק ארד,False,False
יואל רפל,ישראל גוטמן,False,False
יואל רפל,עמר ברטוב,False,False
יובל דיין,ליהי קורנובסקי,False,False
יובל דיין,סיני פתר,False,True
יובל דיין,רועי ניק,False,True
יובל דיין,רותם קינן,False,True
יובל מנדלסון,נטעלי גבירץ,True,False
יובל מנדלסון,פייבמנט,True,False
יובל מנדלסון,שרון קנטור,True,False
יוליה טגיל,ישי גולן,False,True
יוליה טגיל,עודד מנסטר,False,True
יוליה טגיל,קרן פלס,False,False
יונה אליאן,שלישיית מה קשור,True,False
יונס,מירב גרובר,False,True
יונס,רחל אדרי,False,False
יונתן ברק,ליר עיסא,True,False
יונתן ברק,עבדאללה עקל,True,False
יוסי מרשק,ריימונלד אמסלם,True,False
יוסי מרשק,ריקי רייף סיני,True,False
יוסי מרשק,שני כהן,True,False
יורם הוניג,מילי עשת,False,True
יורם הוניג,נור פיבק,False,False
יורם טולדנו,ינון קנר,True,False
יורם טולדנו,נמרוד פלג,True,False
יורם טולדנו,רן קפלן,True,False
יותם גוטל,מיטל נר,False,False
יותם גוטל,מרט פרחומובסקי,False,False
יותם גוטל,ניר שטראוס,False,False
יותם גוטל,ענת עצמון,False,True
יותם קושניר,יעל שטולמן,True,False
יותם קושניר,נועם שנהב,True,False
יחזקאל לזרוב,לארס איידינגר,True,False
יחזקאל לזרוב,מסאיי מסייבסקי,True,False
יחזקאל לזרוב,עפרי פרישקולניק אלדד,True,False
יחזקאל לזרוב,שון סופטי,True,False
ינון קנר,נמרוד פלג,False,False
ינון קנר,רן קפלן,False,False
ינון קנר,שמעון מימרן,False,True
יניב ביטון,כרמל נצר,True,False
יניב ביטון,לי גילת,True,False
יניב ביטון,סוזנה פפיאן,True,False
יניב ביטון,ערן זרחוביץ',True,False
יניב ביטון,רונן דוידוב,True,False
יניב ביטון,שני כהן,True,False
יניב ביטון,תום אפלבאום,True,False
יניב סוויסה,יריב הורוביץ,True,False
יניב סוויסה,מורן גרוס,True,False
יעל אבקסיס,ריקי רייף סיני,True,False
יעל לבנטל,מורין אמור,True,False
יעל לבנטל,ניר שעיבי,True,False
יעל לבנטל,ערן מור,True,False
יעל לבנטל,ערן שראל,True,False
יעל פדן,לי בירן,False,True
יעל פדן,ניר כנען,False,False
יעל פדן,עדי חבשוש,False,False
יעל פדן,עדן מאירי,False,False
יעל פדן,עידו אליאלי,False,False
יעל פדן,קים אור אזולאי,False,False
יעל פולמן,יערה,False,False
יעל פולמן,ירמי שיק בלום,False,False
יעל פולמן,מאיר סוויסה,False,True
יעל פולמן,רן דנקר,False,True
יעל שטולמן,נועם שנהב,False,False
יעל שטולמן,עמית פרקש,False,True
יעקב זדה דניאל,ליה אללוף,True,False
יעקב זדה דניאל,לנה פרייפלד,True,False
יעקב זדה דניאל,מיכה פרודובסקי,True,False
יעקב זדה דניאל,ניר שטראוס,True,False
יעקב זדה דניאל,עידו טאקו,True,False
יעקב זדה דניאל,שלומי שבן,True,False
יערה,ירמי שיק בלום,False,False
יערה,מאיר סוויסה,False,True
יערה,רן דנקר,False,True
יפתח קליין,לארס איידינגר,True,False
יפתח קליין,מסאיי מסייבסקי,True,False
יפתח קליין,עפרי פרישקולניק אלדד,True,False
יפתח קליין,שון סופטי,True,False
יצחק ארד,ישראל גוטמן,False,False
יצחק ארד,עמר ברטוב,False,False
"ירדן ""ג'ורדי"" פלג","לירז ""סטטיק"" רוסו",False,False
"ירדן ""ג'ורדי"" פלג",משה רוסו,False,False
"ירדן ""ג'ורדי"" פלג",ניצה אדל רוסו,False,False
"ירדן ""ג'ורדי"" פלג",עידו נצר,False,False
"ירדן ""ג'ורדי"" פלג",עמית מרדכי,False,False
"ירדן ""ג'ורדי"" פלג",קובי צברי,False,False
"ירדן ""ג'ורדי"" פלג",רון ביטון,False,False
ירדן בר-כוכבא,נטע רוט,True,False
ירדן ג'רבי,פטר לינקה,False,False
ירדן ג'רבי,צ'רבה קרקס,False,False
ירדן ג'רבי,תיקי דיין,False,True
ירדן תוסייה כהן,ישי לפידות,False,False
ירדן תוסייה כהן,מוריה אקונס,False,False
ירדן תוסייה כהן,ניב מג'ר,False,True
ירדן תוסייה כהן,רועי ויינברג,False,False
ירדן תוסייה כהן,רועי ניק,False,True
ירדן תוסייה כהן,ריקי בליך,False,True
ירדן תוסייה כהן,רמי ברוך,False,True
ירון ברלד,ליאם גולן,True,False
ירון ברלד,רז זהבי,True,False
ירון ברלד,שייע פייגנבוים,True,False
יריב הורוביץ,לבנה פינקלשטיין,False,True
יריב הורוביץ,מורן גרוס,False,False
יריב הורוביץ,צחי הלוי,False,True
יריב הורוביץ,שלום אסייג,False,True
ירמי אומני,מוריה אקונס,False,False
ירמי אומני,עידן אלתרמן,False,True
ירמי אומני,עמית אולמן,False,False
ירמי אומני,פלד,False,False
ירמי שיק בלום,מאיר סוויסה,False,True
ירמי שיק בלום,רן דנקר,False,True
ישי גולן,משי קליינשטיין,True,False
ישי גולן,ניקולאי קינסקי,True,False
ישי גולן,קרן פלס,True,False
ישי לפידות,מוריה אקונס,False,False
ישי לפידות,ניב מג'ר,False,True
ישי לפידות,רונן הרשקוביץ,False,False
ישי לפידות,רועי ויינברג,False,False
ישי לפידות,רועי ניק,False,True
ישי לפידות,ריקי בליך,False,True
ישי לפידות,רמי ברוך,False,True
ישי לפידות,שי חי,False,False
ישי לפידות,ששי גז,False,False
ישראל אוגלבו,מורן רוזנבלט,False,True
ישראל אטיאס,מאיר תמם,True,False
ישראל אטיאס,מייקל קביה אהרוני,True,False
ישראל אטיאס,קים אור אזולאי,True,False
ישראל אטיאס,שון מונגוזה,True,False
ישראל ברייט,נטע רוט,True,False
ישראל גוטמן,עמר ברטוב,False,False
כרמל נצר,סוזנה פפיאן,False,False
כרמל נצר,עלא דקה,False,True
כרמל נצר,ערן זרחוביץ',False,False
כרמל נצר,שירה נאור,False,True
כרמל נצר,שני כהן,False,False
כרמל נצר,תום אפלבאום,False,False
לאה לב,לני כהן,False,True
לאה לב,מיכל מנור,False,False
לאה לב,מעיין לאוב,False,False
לאה לב,נועם כרמלי,False,False
לאה לב,ניב מג'ר,False,True
לאה לב,תובל שפיר,False,True
לאה לב,תומר פישמן,False,False
לאונן,ליאנה עיון,False,False
לאונן,מאור לוי,False,False
לאונן,סכיזופרן,False,False
לאונן,עמוס תמם,False,True
לארס איידינגר,מסאיי מסייבסקי,False,False
לארס איידינגר,משה פולקנפליק,False,True
לארס איידינגר,עפרי פרישקולניק אלדד,False,False
לארס איידינגר,שון סופטי,False,False
לארס איידינגר,שרה אדלר,False,True
לבנה פינקלשטיין,לוטם טושינסקי,True,False
לבנה פינקלשטיין,מאור לוי,True,False
לבנה פינקלשטיין,מורן גרוס,True,False
לבנה פינקלשטיין,עדי אלון,True,False
לוטם טושינסקי,ליטל שוורץ,False,True
לוטם טושינסקי,מאור לוי,False,False
לוטם טושינסקי,עדי אלון,False,False
לוטם טושינסקי,רועי אסף,False,True
לוטם טושינסקי,שאדי מרעי,False,True
לוטם טושינסקי,ששון גבאי,False,True
לונא מנסור,ליעוז לוי,False,False
לונא מנסור,מאיה עשת,False,False
לונא מנסור,סטפני מרידה,False,False
לונא מנסור,פאולה טירדו,False,False
לונא מנסור,תום גרציאני,False,True
לוסי אהריש,שני כהן,True,False
לי בירן,ניר כנען,True,False
לי בירן,עדי חבשוש,True,False
לי בירן,עדן מאירי,True,False
לי בירן,עידו אליאלי,True,False
לי בירן,קים אור אזולאי,True,False
לי גילת,נעמה פרייס,False,True
לי גילת,סבטלנה דמידוב,False,True
לי גילת,עירית גדרון,False,True
לי גילת,ענת עצמון,False,True
ליאור דובדבני,לין אשרוב,True,False
ליאור דובדבני,רוני נתנאל,True,False
ליאור רז,סיון תדמור,True,False
ליאם גולן,ניר לוי,False,True
ליאם גולן,רז זהבי,False,False
ליאם גולן,שייע פייגנבוים,False,False
ליאנה עיון,מאור לוי,False,False
ליאנה עיון,מאור שוויצר,False,True
ליאנה עיון,ניב סולטן,False,True
ליאנה עיון,סכיזופרן,False,False
ליאנה עיון,עומר נודלמן,False,False
ליאנה עיון,עירית קפלן,False,True
ליאנה עיון,עמוס תמם,False,True
ליאנה עיון,עמית רהב,False,False
ליה אללוף,נטע גרטי,False,True
ליה אללוף,עידו טאקו,False,False
ליה אללוף,שלומי שבן,False,False
ליהי קורנובסקי,מאור שוויצר,False,True
ליהי קורנובסקי,מפקד,False,False
ליהי קורנובסקי,סיני פתר,False,True
ליהי קורנובסקי,סרן,False,False
ליהי קורנובסקי,רועי ניק,False,True
ליהי קורנובסקי,רותם קינן,False,True
ליז רביאן,נועה בן גיגי,False,False
ליז רביאן,נעמה שטרית,False,True
ליז רביאן,שיפי אלוני,False,True
ליז רביאן,שרי גבעתי,False,False
ליטל שוורץ,מאור לוי,True,False
ליטל שוורץ,עדי אלון,True,False
לייב לב לוין,נעמי הררי,False,False
לייב לב לוין,עזרא דגן,False,True
לייב לב לוין,קובי זיסלין,False,False
לין אשרוב,מיכאל אלוני,False,True
לין אשרוב,משה פרסטר,False,True
לין אשרוב,נועה קירל,False,True
לין אשרוב,עדי הימלבלוי,False,True
לין אשרוב,רוני נתנאל,False,False
לינור אברג'יל,עדי אלון,False,False
לינור אברג'יל,עפר שכטר,False,True
לינור אברג'יל,צחי נוי,False,True
לינור אברג'יל,שלום אסייג,False,True
לינור אברג'יל,שלומי קוריאט,False,True
לינור אברג'יל,שרלין חזיזה,False,False
ליעוז לוי,מאיה עשת,False,False
ליעוז לוי,סטפני מרידה,False,False
ליעוז לוי,פאולה טירדו,False,False
ליעוז לוי,תום גרציאני,False,True
ליר כץ,סוול אריאל אור,True,False
ליר כץ,עופר גרינברג,True,False
ליר כץ,פאולה קרו,True,False
ליר עיסא,עבדאללה עקל,False,False
ליר עיסא,תום אבני,False,True
לירון וייסמן,נכה,False,False
לירון וייסמן,ציון ברוך,False,True
לירון וייסמן,רגל עץ,False,False
לירון וייסמן,שלום מיכאלשווילי,False,True
"לירז ""סטטיק"" רוסו",משה רוסו,False,False
"לירז ""סטטיק"" רוסו",ניצה אדל רוסו,False,False
"לירז ""סטטיק"" רוסו",עידו נצר,False,False
"לירז ""סטטיק"" רוסו",עמית מרדכי,False,False
"לירז ""סטטיק"" רוסו",קובי צברי,False,False
"לירז ""סטטיק"" רוסו",רון ביטון,False,False
לירית בלבן,ניר שעיבי,True,False
לירית בלבן,ערן שראל,True,False
לני כהן,מיכל מנור,True,False
לני כהן,מעיין לאוב,True,False
לני כהן,נועם כרמלי,True,False
לני כהן,תומר פישמן,True,False
מאור כהן,נטעלי גבירץ,True,False
מאור כהן,פייבמנט,True,False
מאור כהן,שרון קנטור,True,False
מאור לוי,סכיזופרן,False,False
מאור לוי,עדי אלון,False,False
מאור לוי,עמוס תמם,False,True
מאור לוי,רועי אסף,False,True
מאור לוי,שאדי מרעי,False,True
מאור לוי,ששון גבאי,False,True
מאור שוויצר,מפקד,True,False
מאור שוויצר,סרן,True,False
מאור שוויצר,עומר נודלמן,True,False
מאור שוויצר,עמית רהב,True,False
מאטה טדוראדזה,נטע ריסקין,False,True
מאטה טדוראדזה,רולנד אוקרופירידזה,False,False
מאיה כהן,מעיין עמרני,True,False
מאיה עשת,סטפני מרידה,False,False
מאיה עשת,פאולה טירדו,False,False
מאיה עשת,תום גרציאני,False,True
מאיר תמם,מייקל קביה אהרוני,False,False
מאיר תמם,משה אשכנזי,False,True
מאיר תמם,צביקה הדר,False,True
מאיר תמם,קים אור אזולאי,False,False
מאיר תמם,שון מונגוזה,False,False
מוטי בן ישי,צביקה פישזון,True,False
מוני מושונוב,רונן דוידוב,True,False
מוריה אקונס,ניב מג'ר,False,True
מוריה אקונס,עידן אלתרמן,False,True
מוריה אקונס,עמית אולמן,False,False
מוריה אקונס,פלד,False,False
מוריה אקונס,רועי ויינברג,False,False
מוריה אקונס,רועי ניק,False,True
מוריה אקונס,ריקי בליך,False,True
מוריה אקונס,רמי ברוך,False,True
מורין אמור,עידית טפרסון,False,True
מורין אמור,ערן מור,False,False
מורין אמור,רבקה בכר,False,True
מורין אמור,ריימונד אמסלם,False,True
מורין אמור,תיקי דיין,False,True
מוריס כהן,עדי גילת,True,False
מורן גרוס,צחי הלוי,False,True
מורן גרוס,שלום אסייג,False,True
מי-רן מנקס,צחי סדן,False,False
מיטל נר,מרט פרחומובסקי,False,False
מיטל נר,ניר שטראוס,False,False
מיטל נר,ענת עצמון,False,True
מייקל קביה אהרוני,משה אשכנזי,False,True
מייקל קביה אהרוני,צביקה הדר,False,True
מייקל קביה אהרוני,קים אור אזולאי,False,False
מייקל קביה אהרוני,שון מונגוזה,False,False
מיכאל אלוני,ניקולאי קינסקי,True,False
מיכאל אלוני,רוני נתנאל,True,False
מיכאל גבעתי,מיכל ויצמן,False,False
מיכאל גבעתי,נואל ברקוביץ',False,True
מיכאל גבעתי,צילי,False,False
מיכאל גבעתי,שירן סנדל,False,True
מיכאל גבעתי,שלמה וישינסקי,False,True
מיכאל מושונוב,רונן דוידוב,True,False
מיכה פרודובסקי,ריטה שוקרון,False,True
מיכל ויצמן,נואל ברקוביץ',False,True
מיכל ויצמן,צילי,False,False
מיכל ויצמן,שירן סנדל,False,True
מיכל ויצמן,שלמה וישינסקי,False,True
מיכל מנור,מעיין לאוב,False,False
מיכל מנור,נועם כרמלי,False,False
מיכל מנור,ניב מג'ר,False,True
מיכל מנור,תובל שפיר,False,True
מיכל מנור,תומר פישמן,False,False
מילי עשת,נור פיבק,True,False
מילי עשת,סוול אריאל אור,True,False
מילי עשת,עופר גרינברג,True,False
מילי עשת,פאולה קרו,True,False
מילי עשת,צביקה פישזון,True,False
מינא קאוואני,סינה פרוואנה,False,False
מינא קאוואני,קטיונה אחמדי,False,False
מינא קאוואני,רזא דיאקו,False,False
מיקי לאון,משי קליינשטיין,True,False
מירב גרובר,רחל אדרי,True,False
מישל גרינידג',מרים מרגוליס,False,False
מישל גרינידג',סאלי פיליפס,False,False
מישל גרינידג',ראקי תאקראר,False,False
מלטה,עדן סבן,False,False
מלטה,עלמה זק,False,True
מלטה,ערוץ הכיבוד,False,False
מלטה,ערן זרחוביץ',False,False
מלטה,רותם סלע,False,True
מלטה,תום יער,False,False
מנדי ברששת,עודד מנסטר,False,True
מנדי ברששת,עתליה זהבי,False,False
מנדי ברששת,רוני נדלר,False,False
מנשה נוי,רונן דוידוב,True,False
מסאיי מסייבסקי,משה פולקנפליק,False,True
מסאיי מסייבסקי,עפרי פרישקולניק אלדד,False,False
מסאיי מסייבסקי,שון סופטי,False,False
מסאיי מסייבסקי,שרה אדלר,False,True
מעיין לאוב,נועם כרמלי,False,False
מעיין לאוב,ניב מג'ר,False,True
מעיין לאוב,תובל שפיר,False,True
מעיין לאוב,תומר פישמן,False,False
מעיין עמרני,שמואל וילוז'ני,False,True
מעיין תורג'מן,סימור דניאל,True,False
מפקד,סרן,False,False
מרוואן חמדן,סלים דאו,False,True
מרט פרחומובסקי,ניר שטראוס,False,False
מרט פרחומובסקי,ענת עצמון,False,True
מרים מרגוליס,סאלי פיליפס,False,False
מרים מרגוליס,ראקי תאקראר,False,False
משה אשכנזי,קים אור אזולאי,True,False
משה אשכנזי,שון מונגוזה,True,False
משה טימור,קרוליין לנגפורד,True,False
משה פולקנפליק,עפרי פרישקולניק אלדד,True,False
משה פולקנפליק,שון סופטי,True,False
משה פרסטר,רוני נתנאל,True,False
משה רוסו,ניצה אדל רוסו,False,False
משה רוסו,עידו נצר,False,False
משה רוסו,עמית מרדכי,False,False
משה רוסו,קובי צברי,False,False
משה רוסו,רון ביטון,False,False
משי קליינשטיין,ריימונד אמסלם,False,True
נואל ברקוביץ',צילי,True,False
נועה בן גיגי,נעמה שטרית,False,True
נועה בן גיגי,שיפי אלוני,False,True
נועה בן גיגי,שרי גבעתי,False,False
נועה קירל,רוני נתנאל,True,False
נועם כרמלי,ניב מג'ר,False,True
נועם כרמלי,תובל שפיר,False,True
נועם כרמלי,תומר פישמן,False,False
נועם שנהב,עמית פרקש,False,True
נטע גרטי,עידו טאקו,True,False
נטע גרטי,שלומי שבן,True,False
נטע ריסקין,רולנד אוקרופירידזה,True,False
נטע שפיגלמן,סיון תדמור,True,False
נטעלי גבירץ,פייבמנט,False,False
נטעלי גבירץ,רמי פורטיס,False,True
נטעלי גבירץ,שרון קנטור,False,False
ניב מג'ר,רועי ויינברג,True,False
ניב מג'ר,תומר פישמן,True,False
ניב סולטן,עומר נודלמן,True,False
ניב סולטן,עמית רהב,True,False
ניצה אדל רוסו,עידו נצר,False,False
ניצה אדל רוסו,עמית מרדכי,False,False
ניצה אדל רוסו,קובי צברי,False,False
ניצה אדל רוסו,רון ביטון,False,False
ניצה שאול,קרוליין לנגפורד,True,False
ניצה שאול,שלישיית מה קשור,True,False
ניקולאי קינסקי,עוז זהבי,False,True
ניר כנען,עדי חבשוש,False,False
ניר כנען,עדן מאירי,False,False
ניר כנען,עידו אליאלי,False,False
ניר כנען,קים אור אזולאי,False,False
ניר לוי,רז זהבי,True,False
ניר לוי,שייע פייגנבוים,True,False
ניר שטראוס,ענת עצמון,False,True
ניר שטראוס,פיני טבגר,False,True
ניר שטראוס,רמי ברוך,False,True
ניר שעיבי,נתי רביץ,False,True
ניר שעיבי,ערן שראל,False,False
ניר שעיבי,ריקי בליך,False,True
נכה,ציון ברוך,False,True
נכה,רגל עץ,False,False
נכה,שלום מיכאלשווילי,False,True
נמרוד פלג,רן קפלן,False,False
נמרוד פלג,שמעון מימרן,False,True
נעמה שטרית,שרי גבעתי,True,False
נעמי הררי,עזרא דגן,False,True
נעמי הררי,קובי זיסלין,False,False
נתי רביץ,ערן שראל,True,False
נתנאל מרדכי הלוי,עידן צברי,False,False
נתנאל מרדכי הלוי,שלמה סדן,False,True
סאלי פיליפס,ראקי תאקראר,False,False
סוול אריאל אור,עופר גרינברג,False,False
סוול אריאל אור,פאולה קרו,False,False
סוול אריאל אור,תמיר גינזבורג,False,True
סוזנה פפיאן,עלא דקה,False,True
סוזנה פפיאן,ערן זרחוביץ',False,False
סוזנה פפיאן,שירה נאור,False,True
סוזנה פפיאן,שני כהן,False,False
סוזנה פפיאן,תום אפלבאום,False,False
סטפני מרידה,פאולה טירדו,False,False
סטפני מרידה,תום גרציאני,False,True
סיון לוי,עידו ברטל,True,False
סיון תדמור,רותם סלע,False,True
סיון תדמור,שרון שטרק,False,True
סימור דניאל,סמירה סרייה,False,True
סימור דניאל,עומר ברנע,False,True
סימור דניאל,קוסטה קפלן,False,True
סינה פרוואנה,קטיונה אחמדי,False,False
סינה פרוואנה,רזא דיאקו,False,False
סכיזופרן,עמוס תמם,False,True
סשה דמידוב,פלורה סעדה,False,False
סשה דמידוב,ריימונד אמסלם,False,True
עבדאללה עקל,תום אבני,False,True
עדי אלון,עפר שכטר,False,True
עדי אלון,צחי נוי,False,True
עדי אלון,רועי אסף,False,True
עדי אלון,שאדי מרעי,False,True
עדי אלון,שלום אסייג,False,True
עדי אלון,שלומי קוריאט,False,True
עדי אלון,שרלין חזיזה,False,False
עדי אלון,ששון גבאי,False,True
עדי הימלבלוי,רוני נתנאל,True,False
עדי חבשוש,עדן מאירי,False,False
עדי חבשוש,עידו אליאלי,False,False
עדי חבשוש,קים אור אזולאי,False,False
עדן מאירי,עידו אליאלי,False,False
עדן מאירי,קים אור אזולאי,False,False
עדן סבן,עלמה זק,False,True
עדן סבן,ערוץ הכיבוד,False,False
עדן סבן,ערן זרחוביץ',False,False
עדן סבן,רותם סלע,False,True
עדן סבן,תום יער,False,False
עודד מנסטר,עתליה זהבי,True,False
עודד מנסטר,קרן פלס,True,False
עודד מנסטר,רוני נדלר,True,False
עומר דהן,עידן שקרוקה,False,False
עומר דהן,שחף כרמל יעקובוביץ',False,False
עומר חזן,רז מזרחי,True,False
עומר נודלמן,עמית רהב,False,False
עופר גרינברג,פאולה קרו,False,False
עופר גרינברג,תמיר גינזבורג,False,True
עזרא דגן,קובי זיסלין,True,False
עידו אליאלי,קים אור אזולאי,False,False
עידו ברטל,ששון גבאי,False,True
עידו טאקו,"צה""ל",False,False
עידו טאקו,שלומי שבן,False,False
עידו טאקו,תיקי דיין,False,True
עידו נצר,עמית מרדכי,False,False
עידו נצר,קובי צברי,False,False
עידו נצר,רון ביטון,False,False
עידית טפרסון,ערן מור,True,False
עידן אלתרמן,עמית אולמן,True,False
עידן אלתרמן,פלד,True,False
עידן עמדי,שרה פון שוורצה,False,True
עידן צברי,שלמה סדן,False,True
עידן שקרוקה,שחף כרמל יעקובוביץ',False,False
עידן תלם,קווין רובין,False,False
עידן תלם,שירה לוי,False,False
עירית קפלן,עמית רהב,True,False
עלא דקה,ערן זרחוביץ',True,False
עלא דקה,שני כהן,True,False
עלא דקה,תום אפלבאום,True,False
עלמה זק,ערוץ הכיבוד,True,False
עלמה זק,ערן זרחוביץ',True,False
עלמה זק,תום יער,True,False
עמית אולמן,פלד,False,False
עמית מרדכי,קובי צברי,False,False
עמית מרדכי,רון ביטון,False,False
ענת מנדלסון,רוברט הניג,False,True
ענת מנדלסון,שירי לוטן,False,False
עפר שכטר,שרלין חזיזה,True,False
עפרי פרישקולניק אלדד,שון סופטי,False,False
עפרי פרישקולניק אלדד,שרה אדלר,False,True
ערוץ הכיבוד,ערן זרחוביץ',False,False
ערוץ הכיבוד,רותם סלע,False,True
ערוץ הכיבוד,תום יער,False,False
ערן זרחוביץ',רותם סלע,False,True
ערן זרחוביץ',שירה נאור,False,True
ערן זרחוביץ',שני כהן,False,False
ערן זרחוביץ',תום אפלבאום,False,False
ערן זרחוביץ',תום יער,False,False
ערן מור,רבקה בכר,False,True
ערן מור,ריימונד אמסלם,False,True
ערן מור,תיקי דיין,False,True
ערן שראל,ריקי בליך,False,True
עתליה זהבי,רוני נדלר,False,False
פאולה טירדו,תום גרציאני,False,True
פאולה קרו,תמיר גינזבורג,False,True
פולי רשף,רונן דוידוב,True,False
פטר לינקה,צ'רבה קרקס,False,False
פטר לינקה,תיקי דיין,False,True
פייבמנט,רמי פורטיס,False,True
פייבמנט,שרון קנטור,False,False
פלורה סעדה,ריימונד אמסלם,False,True
צ'רבה קרקס,תיקי דיין,False,True
צביקה הדר,קים אור אזולאי,True,False
צביקה הדר,שון מונגוזה,True,False
צביקה פישזון,רועי אסף,False,True
צביקה פישזון,שמעון מימרן,False,True
"צה""ל",תיקי דיין,False,True
צחי גראד,רונן דוידוב,True,False
צחי נוי,שרלין חזיזה,True,False
ציון ברוך,קופנגן,True,False
ציון ברוך,רגל עץ,True,False
צילי,שירן סנדל,False,True
צילי,שלמה וישינסקי,False,True
ציפורה הלר,שי אביבי,False,True
קובי צברי,רון ביטון,False,False
קווין רובין,שירה לוי,False,False
קופנגן,שלום מיכאלשווילי,False,True
קטיונה אחמדי,רזא דיאקו,False,False
קים אור אזולאי,שון מונגוזה,False,False
קרוליין לנגפורד,ששי קשת,False,True
קרן מור,רונן דוידוב,True,False
רגל עץ,שלום מיכאלשווילי,False,True
רוברט הניג,שירי לוטן,True,False
רונן דוידוב,תאמר נפאר,False,True
רונן הרשקוביץ,שי חי,False,False
רונן הרשקוביץ,ששי גז,False,False
רועי ויינברג,רועי ניק,False,True
רועי ויינברג,ריקי בליך,False,True
רועי ויינברג,רמי ברוך,False,True
רותם סלע,תום יער,True,False
רז זהבי,שייע פייגנבוים,False,False
רמי פורטיס,שרון קנטור,True,False
רן קפלן,שמעון מימרן,False,True
שון סופטי,שרה אדלר,False,True
שי חי,ששי גז,False,False
שיפי אלוני,שרי גבעתי,True,False
שירה נאור,שני כהן,True,False
שירה נאור,תום אפלבאום,True,False
שלום אסייג,שרלין חזיזה,True,False
שלומי קוריאט,שרלין חזיזה,True,False
שני כהן,תום אפלבאום,False,False
תובל שפיר,תומר פישמן,True,False
