Community,Actors,Associated Movies,Associated Movie Share (%),Cross-Community Movies,Top Actors,Dominant Genres,Dominant Directors,Main Activity Period,Average Movie Year,First Movie Year,Last Movie Year
1,297,161,18.42,140,"אסי דיין, אלברט אילוז, שרון אלכסנדר, שמיל בן ארי, עמוס לביא","דרמה (106), קומדיה (12), דרמה קומית (4), להט""בי (3), עצמאי (2)","חיים בוזגלו (6), דורון ערן (5), אסי דיין (5), אורי ברבש (4), מיכל בת-אדם (4)",2000–2009,2005.4,1990,2025
2,183,99,11.33,92,"מוני מושונוב, ליאור אשכנזי, מיכאל מושונוב, מנשה נוי, צחי גראד","דרמה (54), קומדיה (20), דרמה קומית (7), פשע (4), להט""בי (4)","צבי שיסל (3), איתן גרין (3), יוסף פיצ'חדזה (3), עמוס גיתאי (3), עודד דוידוף (3)",2000–2009,2008.1,1990,2025
3,156,66,7.55,59,"יגאל עדיקא, אורי גבריאל, אריה מוסקונה, זאב רווח, גבי עמרני","דרמה (33), קומדיה (8), דרמה קומית (4), מוזיקלי (2), תיעודי (2)","ארנון צדוק (4), אריק לובצקי (4), ערן ריקליס (3), אורי ענבר (3), מתי הררי (3)",1990–1999,2003.0,1990,2025
4,147,78,8.92,71,"לבנה פינקלשטיין, צחי הלוי, ששון גבאי, אוולין הגואל, עפר שכטר","דרמה (36), קומדיה (21), אקשן (3), דרמה קומית (3), מתח (2)","שמי זרחין (5), ארז תדמור (5), שי כנות (3), שלום אסייג (3), אמיל בן שמעון (2)",2010–2019,2012.8,1990,2026
6,142,52,5.95,38,"מכרם ח'ורי, רוברט הניג, שרית וינו אלעד, מילי עשת, אלון אבוטבול","דרמה (35), קומדיה (4), סטודנטים (2), רומנטי (2), תיעודי (2)","טומי לנג (6), שבי גביזון (2), ערן ריקליס (2), גור בנטביץ' (1), שמי זרחין (1)",2000–2009,2011.8,1995,2025
5,142,44,5.03,35,"מיכל ינאי, נאיה פדרמן, אורי הוכמן, מאיר סוויסה, יובל שם-טוב","דרמה (13), קומדיה (12), מוזיקלי (5), הרפתקאות (5), קומי (3)","קובי מחט (5), צחי גראד (3), עמית אולמן (2), מנשה נוי (1), אורון אדר (1)",2010–2019,2013.2,1997,2026
7,125,40,4.58,32,"אדיר מילר, גורי אלפי, תובל שפיר, ג'וי ריגר, דניאל ליטמן","דרמה (21), קומדיה (10), נעורים (4), להט""בי (2), אימה (2)","אבי נשר (6), מתי הררי (3), דרור שאול (1), שמואל הספרי (1), אמיר הספרי (1)",2020–Present,2017.6,2003,2026
8,107,41,4.69,32,"ולדימיר פרידמן, ציון ברוך, שלום מיכאלשווילי, רועי ניק, דוד שאול","דרמה (19), קומדיה (9), פעולה (4), רומנטי (2), תיעודי (2)","יבגני רומן (3), איתן פוקס (2), בן בכר (2), שבי גביזון (1), עירית לינור (1)",2010–2019,2010.9,1995,2025
9,96,22,2.52,16,"אייל רוזלס, יואב לוי, דניאלה קרטס, אדריאנו חאובל, קרן ברגר","דרמה (13), עצמאי (3), להט""בי (1), מותחן פוליטי (1), קומדיה רומנטית (1)","דורון ערן (3), מרק רוזנבאום (1), איתי לב (1), טלי שלום עזר (1), איל בן-אהרון (1)",2010–2019,2013.5,2000,2025
10,93,25,2.86,18,"שרה אדלר, יחזקאל לזרוב, גרא סנדלר, יהודה אלמגור, גפן ברקאי","דרמה (18), מתח (3), נעורים (2), הייפרלינק (1), תיעודי (1)","מיכל ברזיס (2), עודד בן נון (2), שמואל חיימוביץ' (1), רועי הורנשטיין (1), אתגר קרת (1)",2010–2019,2013.8,2004,2025
11,93,23,2.63,18,"חגית דסברג, צחי נוי, ליא קניג, אורי יניב, איצ'ו אביטל","דרמה (11), קומדיה (2), עצמאי (2), ילדים (1), הנפשה (1)","ענר פרמינגר (2), חנן קמינסקי (2), איתן גרין (1), יוסי אבולעפיה (1), אמנון רובינשטיין (1)",1990–1999,2004.8,1992,2025
12,92,35,4.0,24,"משה איבגי, ראידה אדון, גילה אלמגור, אוהד קנולר, ג'וליאנו מר","דרמה (21), קומדיה (2), ביוגרפי (1), מותחן (1), דרמה קומית (1)","אלי כהן (2), רוני ניניו (2), ערן ריקליס (1), אורי ענבר (1), עמוס גיתאי (1)",2000–2009,2006.8,1991,2024
13,85,23,2.63,17,"מיכאל אלוני, עוז זהבי, רמי הויברגר, גיא אדלר, אלון פדות","דרמה (13), דרמה קומית (2), להט""בי (2), קומדיה (2), אימה (2)","איתן גרין (2), מיכאל מאיר (2), ג'ולי שלז (1), דרור שאול (1), איתן פוקס (1)",2010–2019,2010.0,1992,2026
14,77,17,1.95,12,"מאור כהן, הומוסקסואל, יוסי מרשק, גל פרידמן, נטע שפיגלמן","דרמה (9), להט""בי (3), מתח (2), תיעודי (2), הרפתקאות (1)","אורי סיון (1), גור בנטביץ' (1), שמואל קלדרון (1), שמוליק קלדרון (1), דן וולמן (1)",2000–2009,2011.4,1997,2025
15,71,15,1.72,9,"אביתר לזר, דין מירושניקוב, עומר ברנע, זהר ליבה, ישראל דמידוב","דרמה (7), להט""בי (2), קומדיה רומנטית (1), רומנטי (1), עלילתי באורך מלא (1)","אברהם קושניר (2), חיים בוזגלו (1), אריק קפלון (1), מיכל קופר-קרן (1), יורם גל (1)",2010–2019,2009.7,1994,2024
16,67,18,2.06,12,"לירית בלבן, גיא גורביץ, מתי סרי, ברוריה אלבק, ארז שפריר","דרמה (8), קומדיה (7), מוזיקלי (5), לילדים (4), ילדים (1)","עופר שפריר (4), לירן שטרית (2), יעוד לבנון (1), לאוניד גורביץ' (1), רחל שיין ארגמן (1)",2010–2019,2009.1,1993,2022
17,60,14,1.6,10,"ח'ליפה נאטור, שמואל אדלמן, יוסי סגל, מחמוד שלבי, מאיסה עבד אלהאדי","דרמה (11), דרמה קומית (1), להט""בי (1), מלחמה (1)","דליה הגר (1), דוד קריינר (1), יצחק רובין (1), אורן שטרן (1), שמי זרחין (1)",2000–2009,2011.1,1992,2025
18,59,17,1.95,12,"יעקב זדה דניאל, אורלי זילברשץ, רמי ברוך, לירון בן-שלוש, רן דנקר","דרמה (12), קומדיה רומנטית (1)","ניר ברגמן (2), מיכל בת-אדם (2), לי גילת (2), איתן פוקס (1), עמוס גיתאי (1)",2010–2019,2012.7,1994,2024
19,50,9,1.03,6,"עלמה זק, בני אבני, קובי מאור, שיר אידלסון, עירית בנדק","דרמה (3), קומדיה (2), נעורים (1), עצמאי (1), פארודיה (1)","אילן הייטנר (1), ארנון צדוק (1), מושון סלמונה (1), יורם זקס (1), אליאב לילטי (1)",2000–2009,2012.3,2002,2025
20,44,8,0.92,3,"לוסי דובינצ'יק, יובל רז, הילה מצקר, דן לחמן, הילה מצקר-הלוי","להט""בי (2), דרמה (2), דרמת נעורים (1), פנטזיה (1), עצמאי (1)","יאיר הוכנר (2), אורי סיון (1), ארי פולמן (1), קרן אביטן (1), עילית זקצר (1)",2000–2009,2008.5,1996,2019
21,42,7,0.8,4,"אלון דהן, עודד תאומי, יוסף אבו ורדה, יונתן בר-אור, רובא בלאל-עספור","דרמה (5), קומדיה (1), מלחמה (1), פעולה (1)","חנוך רוזן (1), עמוס גיתאי (1), דני יגיל (1), הדס בן ארויה (1), עילית זקצר (1)",2010–2019,2011.4,1998,2019
23,27,5,0.57,3,"ישי לפידות, ששי גז, גילי שושן, אבי גרייניק, סמי הורי","דרמה (3), מתח (2), מוזיקלי (1), פשע (1)","יהודה גרובייס (2), ערן ריקליס (1), עודד דוידוף (1), יונתן פז (1)",2020–Present,2013.4,1999,2026
22,27,4,0.46,0,"ירמי קדושי, אבי סויסה, אבי ביטר, בבר יוקו, ליאת בנאי","דרמה (3), מוזיקלי (1)","ימין מסיקה (3), פרוספר מלכה (1)",1990–1999,1998.2,1992,2012
24,25,4,0.46,3,"קיריל ספונוב, אבי קושניר, ימית סול, ישראל ברייט, איילה ורטה","דרמה (2), דרמה קומית (1), קומדיה (1)","גבריאל ביבליוביץ (1), דני ורטה (1), איתן ענר (1), חיים טבקמן (1)",2000–2009,2007.0,2002,2016
25,20,5,0.57,4,"אפרת אביב, אדיב ג'השאן, שמואל וילוז'ני, הישאם סלימאן, אורי אומנותי","דרמה (2), פשע (1)","דני סירקין (2), דינה צבי-ריקליס (1), ארנון צדוק (1), עמיר מנור (1)",2000–2009,2001.2,1994,2009
26,13,2,0.23,1,"אודי פרסי, אסיה נייפלד, אוהד הול, קצינים, ליהק","דרמה (2), מתח (1), פאונד פוטג' (1)","שרון בר-זיו (1), שי שרף (1)",2010–2019,2014.5,2012,2017
27,10,1,0.11,0,"מוקי, יואב קוטנר, נמרוד רשף, חיים שמש, חמי",תיעודי (1),ירון בן נון (1),2000–2009,2009.0,2009,2009
28,10,1,0.11,0,"אביהו רונן, יואל רפל, יהודה באואר, יצחק ארד, אריה ברנע",תיעודי (1),דוד פישר (1),2020–Present,2021.0,2021,2021
29,10,1,0.11,0,"עמית מרדכי, דור גל, עידו נצר, קובי צברי, ירדן ""ג'ורדי"" פלג",תיעודי (1),גל רז (1),2020–Present,2023.0,2023,2023
30,9,1,0.11,0,"ניר שרון, אילה שיפטן, יובל אורנר, ניר קיטרו, רעות פיש",קומדיה (1),רותם ברוכין (1),2010–2019,2015.0,2015,2015
31,8,1,0.11,0,"אלישבע זוז, אנני למפל, גרטה ורטהיימר, האני לוקס, יהודית הספל","תיעודי (1), ספורט (1)",ירון זילברמן (1),2000–2009,2004.0,2004,2004
32,8,1,0.11,0,"סאלי פיליפס, דייוויד ואליאמס, מישל גרינידג', טמזין גרג, טום קאלן","קומדיה (1), דרמה (1)","שרון מימון (1), טל גרניט (1)",2020–Present,2023.0,2023,2023
33,7,1,0.11,0,"מינא קאוואני, סינה פרוואנה, זאר אמיר אבראהימי, גולשיפתה פראהאני, אראש מרנדי",דרמה (1),ערן ריקליס (1),2020–Present,2024.0,2024,2024
37,6,2,0.23,0,"דני יוסטון, הארווי קייטל, פול ג'יאמטי, ג'ון האם, רובין רייט","דרמה (2), ביוגרפי (1), מדע בדיוני (1)","ערן ריקליס (1), ארי פולמן (1), יוני גודמן (1)",2010–2019,2012.0,2011,2013
34,6,1,0.11,0,"אסף פיליפ, צביקה פיליפ, מני פיליפ, לי פיליפ, עודד פיליפ","תיעודי (1), קולנוע חרדי (1)",נעם ראובני ומני פיליפ (1),2000–2009,2007.0,2007,2007
35,6,1,0.11,0,"אמנון פרידמן, אמרי קהן, טל מאירי, נעמה יוריה, עירית גידרון","להט""בי (1)",ליאור שמריז (1),2000–2009,2007.0,2007,2007
36,6,1,0.11,0,"יעקב פרי, אברהם שלום, אבי דיכטר, יובל דיסקין, עמי אילון",תיעודי (1),דרור מורה (1),2010–2019,2012.0,2012,2012
38,5,1,0.11,0,"סקסופון, אנה קרינה ארווס, ג'ימי ביטון, רות גונזלס, דניאל מירנדה",Not available,ויקטור בראון (1),2000–2009,2006.0,2006,2006
39,5,1,0.11,0,"ג'וזף פיינס, מריה פקולניס, ניב מקינטוש, קלי הריסון, קלייר היגינס",דרמה (1),אורי ברבש (1),2000–2009,2008.0,2008,2008
40,5,1,0.11,0,"אנה ווליקובסקי, קטיה קוסוי ופולינה חריטונסקי, עמירם עיני, רומן גרשקוביץ', מיכאל לרנר",קומדיה (1),גנית אורין (1),2010–2019,2014.0,2014,2014
41,5,1,0.11,0,"דוד בן-גוריון, קלינטון ביילי, פולה בן-גוריון, יעל פרלוב, יריב מוזר",תיעודי (1),יריב מוזר (1),2010–2019,2016.0,2016,2016
42,5,1,0.11,0,"מטקו היילו, יוהנס מוסה, מרתה גטאצ'הו, בית לחם אסמאמאווה, וויינשיט בלאצ'ו",דרמה (1),עלמוורק דוידיאן (1),2010–2019,2018.0,2018,2018
43,5,1,0.11,0,"מי-רן מנקס, אסף פרי, ג'סמין גרין, אפרת וינטראוב, צחי סדן",Not available,גודיס שניידר (1),2020–Present,2022.0,2022,2022
44,4,1,0.11,0,"אורי לחמי, עומר זוננשיין, איציק חייקה, יהונדב פרלמן","דרמה (1), להט""בי (1)",חיים אלבום (1),2000–2009,2007.0,2007,2007
45,4,1,0.11,0,"ג'ואל אדג'רטון, בן מנדלסון, ג'פרי ראש, אנתוני לפאליה",דרמה (1),תתיה רוזנטל (1),2000–2009,2008.0,2008,2008
46,4,1,0.11,0,"אנה זק, עידן שקרוקה, שחף כרמל יעקובוביץ', עומר דהן","דרמה (1), הרפתקאות (1)",עודד רז (1),2020–Present,2021.0,2021,2021
47,3,1,0.11,0,"מאיר כהן, משה חזן, אלישע לוי","תיעודי (1), דרמה (1)","רינו צרור (1), דורון צברי (1)",1990–1999,1996.0,1996,1996
48,3,1,0.11,0,"יונתן זרחיה, יובל כרמל, ג'נט כהן",Not available,רפאל בלולו (1),2010–2019,2014.0,2014,2014
49,3,1,0.11,0,"פאדי דעים, נעים ג'ירייס, חאדר אבו סייף",תיעודי (1),ג'ייק וויצנפלד (1),2010–2019,2015.0,2015,2015
50,3,1,0.11,0,"דויד דיאן, נוויד נגהבאן, אשר אברהמי",דרמה (1),יובל דלשד (1),2010–2019,2015.0,2015,2015
51,3,1,0.11,0,"שולה מולאאברש, ספיר סנקהסורני, תהילה ישעיהומולו","דרמה (1), סטודנטים (1)",עלמוורק דוידיאן (1),2010–2019,2016.0,2016,2016
52,3,1,0.11,0,"אריאל הרוש, זאור סדאייב, איציק קורנפיין",תיעודי (1),מאיה זינשטיין (1),2010–2019,2017.0,2017,2017
53,3,1,0.11,0,"גילי בית הלחמי, שיר אברמוב, רוית דור","קצר (1), עלילתי (1)",עטרה פריש (1),2010–2019,2017.0,2017,2017
54,3,1,0.11,0,"אסף גולדשטיין, רום ברנע, אנטוניו פטרין",דרמה (1),חורחה גורביץ' (1),2010–2019,2019.0,2019,2019
55,3,1,0.11,0,"סתיו אלמגור, לאה טוניק, אורי שני",דרמה (1),ירון שני (1),2010–2019,2019.0,2019,2019
56,2,1,0.11,0,"שלמה בר, סמסון קהמקר",תיעודי (1),יוסי אשדות (1),2000–2009,2002.0,2002,2002
57,2,1,0.11,0,"בן יוסיפוביץ', שמחה ברבירו","ילדים (1), הנפשה (1)",דודו שליטא (1),2000–2009,2002.0,2002,2002
58,2,1,0.11,0,"שירז טל, ירון פינק",קומדיה (1),חיים בוזגלו (1),2000–2009,2003.0,2003,2003
59,2,1,0.11,0,"נעם קפלן, סגול 59",דרמה (1),נעם קפלן (1),2000–2009,2004.0,2004,2004
60,2,1,0.11,0,"אוולין קצ'ולין, דרור דהן",דרמה (1),דור פדלון (1),2010–2019,2010.0,2010,2010
61,2,1,0.11,0,"ישראל גודוביץ, מתווך נדל""ן",תיעודי (1),דוד פישר (1),2010–2019,2015.0,2015,2015
62,2,1,0.11,0,"שירות בתי הסוהר, סמר",תיעודי (1),"טלי שמש (1), אסף סודרי (1)",2010–2019,2016.0,2016,2016
63,2,1,0.11,0,"מאיה ארבל, טובה ורובל",Not available,הלל ראטה (1),2010–2019,2017.0,2017,2017
64,2,1,0.11,0,"עידן טוקלומטי-ג'ורנו, טוני טוקלומטי",תיעודי (1),דוד אופק (1),2010–2019,2018.0,2018,2018
65,2,1,0.11,0,"לליב סיון, בר גוטפריד",דרמה (1),ירון שני (1),2010–2019,2018.0,2018,2018
66,2,1,0.11,0,"מאיר גרנר, מיה גרנר",דרמה (1),אורן גרנר (1),2010–2019,2019.0,2019,2019
67,2,1,0.11,0,"ויקטוריה רוסובסקי, לב לוין","דרמה (1), ישראלי (1)",ענת מלץ (1),2020–Present,2023.0,2023,2023
74,1,2,0.23,0,דוד פישר,תיעודי (2),דוד פישר (2),2010–2019,2011.0,2011,2011
68,1,1,0.11,0,עוזי חיטמן,"קלטת וידאו ביתית (1), שירי ילדים (1)",חנן קמינסקי (1),1990–1999,1990.0,1990,1990
69,1,1,0.11,0,דליק ווליניץ,"ילדים (1), הנפשה (1)",נועם משולם (1),1990–1999,1994.0,1994,1994
70,1,1,0.11,0,אדולף אייכמן,תיעודי (1),אייל סיון (1),1990–1999,1999.0,1999,1999
71,1,1,0.11,0,ג'והר אבו לאשין,"תיעודי (1), ביוגרפי (1)",דוקי דרור (1),2000–2009,2002.0,2002,2002
72,1,1,0.11,0,ערן נעים,דרמה (1),"ירון שני (1), סכנדר קובטי (1)",2000–2009,2009.0,2009,2009
73,1,1,0.11,0,קטרין הימלר,תיעודי (1),חנוך זאבי (1),2010–2019,2011.0,2011,2011
75,1,1,0.11,0,יעל דואני,קומדיה רומנטית (1),דוד שאדי (1),2010–2019,2012.0,2012,2012
76,1,1,0.11,0,טל קלאי,עצמאי (1),עינת פרנבך בן אהרון (1),2010–2019,2013.0,2013,2013
77,1,1,0.11,0,לינדה מנוחין,תיעודי (1),דוקי דרור (1),2010–2019,2013.0,2013,2013
78,1,1,0.11,0,עוזי משולם,תיעודי (1),"אייל בלחסן (1), נועם שיזף (1)",2010–2019,2015.0,2015,2015
79,1,1,0.11,0,רודיינא אבו פריחה,תיעודי (1),רנא אבו פריחה (1),2010–2019,2017.0,2017,2017
80,1,1,0.11,0,דפני ליף,תיעודי (1),דפני ליף (1),2010–2019,2017.0,2017,2017
81,1,1,0.11,0,עמית צוק,תיעודי (1),אופיר טריינין (1),2010–2019,2017.0,2017,2017
82,1,1,0.11,0,ירון לונדון,תיעודי (1),דוד דרעי (1),2010–2019,2017.0,2017,2017
83,1,1,0.11,0,ניצן הורוביץ,תיעודי (1),צבי לנזמן (1),2020–Present,2021.0,2021,2021
84,1,1,0.11,0,מיכה בר-עם,תיעודי (1),רן טל (1),2020–Present,2022.0,2022,2022
85,1,1,0.11,0,נילי בלאק,Not available,"טל קושנר (1), יניב בן אהרון (1)",2020–Present,2025.0,2025,2025
