Community,Size
1,297
2,183
3,156
4,147
5,142
6,142
7,125
8,107
9,96
10,93
11,93
12,92
13,85
14,77
15,71
16,67
17,60
18,59
19,50
20,44
21,42
22,27
23,27
24,25
25,20
26,13
27,10
28,10
29,10
30,9
31,8
32,8
33,7
34,6
35,6
36,6
37,6
38,5
39,5
40,5
41,5
42,5
43,5
44,4
45,4
46,4
47,3
48,3
49,3
50,3
51,3
52,3
53,3
54,3
55,3
56,2
57,2
58,2
59,2
60,2
61,2
62,2
63,2
64,2
65,2
66,2
67,2
68,1
69,1
70,1
71,1
72,1
73,1
74,1
75,1
76,1
77,1
78,1
79,1
80,1
81,1
82,1
83,1
84,1
85,1
