actor_1,actor_2,common_neighbors,jaccard,adamic_adar,preferential_attachment,shortest_path,same_community,degree_sum,pagerank_sum,label,prediction_score,future_movie,future_year
און רפאלי,חן אמסלם,0,0.0,0.0,54,5,0,15,0.0006497259494473082,1,0.06274486654105703,פול ספיד,2021
לני כהן,ניב מג'ר,0,0.0,0.0,72,4,0,17,0.000634810639225271,1,0.07417937441203067,ילד זין (סרט),2025
און רפאלי,טל גרושקה,0,0.0,0.0,48,3,0,14,0.0006054055981470627,1,0.12300241561178808,פול ספיד,2021
ליר כץ,תמיר גינזבורג,0,0.0,0.0,81,4,0,18,0.0005947241253571303,1,0.1363142873495417,כיסופים (סרט),2024
אלעד צפני,ירון ברלד,0,0.0,0.0,72,4,0,17,0.000627921238945377,1,0.1365588120221824,מרוסקים: גולסטאר הסרט,2024
אדם גבאי,תמיר גינזבורג,0,0.0,0.0,72,4,0,17,0.0005827669097804497,1,0.1401977744277677,כיסופים (סרט),2024
אליעד נחום,נועה קירל,0,0.0,0.0,81,4,0,18,0.00056007183550563,1,0.14047027267676465,אוהב אותך צ'ארלי,2022
יואל רוזנקיאר,רותם סלע,0,0.0,0.0,72,4,0,17,0.0006140015176628619,1,0.14581330615636204,סודה (סרט),2024
אלישע בנאי,רמי פורטיס,0,0.0,0.0,81,4,0,18,0.0005412239849949898,1,0.1482269689453907,עצבני ומהיר: הסיפור של פאסט מיוזיק והפטיפון,2022
יהונתן וילוז'ני,תמיר גינזבורג,0,0.0,0.0,63,4,0,16,0.0006124094385663635,1,0.1491140309855317,כיסופים (סרט),2024
ליטל שוורץ,שאדי מרעי,0,0.0,0.0,35,4,0,12,0.0005278852971397998,1,0.14920349968691862,חמדה (סרט),2024
אורנה כץ,יותם קושניר,0,0.0,0.0,45,4,0,14,0.0004706051660967412,1,0.1597294523070006,המנצחים (סרט),2023
יהודה גרובייס,שלמה סדן,0,0.0,0.0,40,4,0,13,0.00047737178408456977,1,0.15991962352653893,נקמה יהודית 6,2024
אורנה כץ,דור הררי,0,0.0,0.0,30,4,0,11,0.0004095715024709304,1,0.16032096773436072,המנצחים (סרט),2023
אליעד נחום,ליאור דובדבני,0,0.0,0.0,81,3,0,18,0.0005445770872564373,1,0.16330134809533708,אוהב אותך צ'ארלי,2022
ליאור דובדבני,עדי הימלבלוי,0,0.0,0.0,81,3,0,18,0.0005222309834106529,1,0.16548610796912888,אוהב אותך צ'ארלי,2022
ליאור דובדבני,נועה קירל,0,0.0,0.0,81,3,0,18,0.0005581235401133275,1,0.16805625636626353,אוהב אותך צ'ארלי,2022
אסתי קוסוביצקי,ניב מג'ר,0,0.0,0.0,136,4,0,25,0.0008222505236817404,1,0.1735320352676456,"בית (סרט, 2023)",2023
גל לב,קרן צור,0,0.0,0.0,36,3,0,13,0.0004338486059203752,1,0.17679101391733926,"קריוקי (סרט, 2022)",2022
דובי גל,זהבה בן,0,0.0,0.0,81,3,0,18,0.000572652838047265,1,0.18360115245758718,ימים טובים: סיפורו של זאב רווח,2024
חן אמסלם,טל גרושקה,0,0.0,0.0,72,3,0,17,0.0004967135246603854,1,0.1912575793153872,פול ספיד,2021
אדם גבאי,ליר כץ,0,0.0,0.0,72,3,0,17,0.0004816702780589163,1,0.1944210876454842,כיסופים (סרט),2024
נעמה שטרית,שיפי אלוני,0,0.0,0.0,81,3,0,18,0.0005223722942788903,1,0.1950868059542793,איראן 3,2022
ניב מג'ר,רועי ניק,0,0.0,0.0,160,4,0,28,0.0009483754049214707,1,0.19544001986667586,"בית (סרט, 2023)",2023
אליעד נחום,עדי הימלבלוי,0,0.0,0.0,81,3,0,18,0.0005241792788029556,1,0.199684751788342,אוהב אותך צ'ארלי,2022
אדם גבאי,יונתן ברק,0,0.0,0.0,64,3,0,16,0.00047960513147488634,1,0.19990284404057052,תמונת הניצחון,2021
ליאת הר לב,שלומי טפיארו,0,0.0,0.0,81,3,0,18,0.000525852567459951,1,0.20112849970782434,"השתיקה (סרט, 2022)",2022
אדם גבאי,יהונתן וילוז'ני,1,0.07142857142857142,0.23090777506376875,56,2,0,15,0.0004993555912681496,1,0.20170898386740194,כיסופים (סרט),2024
יובל מנדלסון,רמי פורטיס,0,0.0,0.0,81,3,0,18,0.0005544153733490308,1,0.20196377867398166,עצבני ומהיר: הסיפור של פאסט מיוזיק והפטיפון,2022
אדם גבאי,אימרי ביטון,0,0.0,0.0,72,3,0,17,0.0005044611122383663,1,0.2045505392054452,"סבוי (סרט, 2022)",2022
אלישע בנאי,יובל מנדלסון,0,0.0,0.0,81,3,0,18,0.0005491139756952808,1,0.2067104872775811,עצבני ומהיר: הסיפור של פאסט מיוזיק והפטיפון,2022
יהונתן וילוז'ני,ליר כץ,0,0.0,0.0,63,3,0,16,0.0005113128068448302,1,0.20949074167383494,כיסופים (סרט),2024
אנסטסיה פיין,בועז קונפורטי,0,0.0,0.0,81,3,0,18,0.0005343499414777809,1,0.21078122994079512,כביש הסרגל (סרט),2024
ג'ימבו ג'יי,עידן אלתרמן,0,0.0,0.0,234,4,0,35,0.0010166701911286712,1,0.21201685774443924,העיר הזאת (סרט),2023
מעיין תורג'מן,קוסטה קפלן,0,0.0,0.0,72,3,0,17,0.0005453340256553052,1,0.2143359024631087,חלב (סרט),2024
אברהם שלום לוי,הילה סורג'ון פישר,0,0.0,0.0,72,3,0,17,0.000591258885756637,1,0.21472107526078435,ולריה מתחתנת,2023
איציק סיידוף,אלון לשם,0,0.0,0.0,45,3,0,14,0.0004872271276590486,1,0.2178038418570666,אדמה בוערת (סרט ישראלי),2022
דור הררי,יותם קושניר,0,0.0,0.0,54,3,0,15,0.0004991748953901236,1,0.22196082704293804,המנצחים (סרט),2023
אלון נוימן,ג'ימבו ג'יי,0,0.0,0.0,306,4,0,43,0.0012494435274558544,1,0.25145594368832397,העיר הזאת (סרט),2023
דודו באוכנר,עודד מנסטר,0,0.0,0.0,9,8,0,10,0.00073001512294173,1,0.2519768229599264,הארוחה,2023
הרצל טובי,תמיר גינזבורג,0,0.0,0.0,144,4,0,25,0.0007706290678533063,1,0.2533139362144443,כיסופים (סרט),2024
נעמה פרייס,סבטלנה דמידוב,0,0.0,0.0,70,4,0,17,0.0006769973784422875,1,0.25807150134415485,הפילגש,2022
הילה סורג'ון פישר,מרלן בג'אלי,1,0.058823529411764705,0.3001016285004131,81,2,0,18,0.0004998338820606053,1,0.2701048924825496,הים (סרט),2025
אלי מנשה,מאיה כהן,1,0.0625,0.30341307554227914,72,2,0,17,0.0005165175731690192,1,0.28565086140766516,לא יום ולא לילה,2024
ישראל אטיאס,צביקה הדר,0,0.0,0.0,90,4,0,23,0.0007086197846177006,1,0.2880558410140497,לרוץ על החול,2023
גל לב,תימור כהן,0,0.0,0.0,60,4,0,19,0.000575781384310251,1,0.2950140493308806,"קריוקי (סרט, 2022)",2022
אימרי ביטון,עלא דקה,0,0.0,0.0,126,4,0,23,0.0006634242788189634,1,0.29767515626066343,"סבוי (סרט, 2022)",2022
ניב מג'ר,תובל שפיר,0,0.0,0.0,192,3,0,32,0.0011169056493259997,1,0.3014865251979101,ילד זין (סרט),2025
הדס ירון,קוסטה קפלן,0,0.0,0.0,162,4,0,27,0.0007309419182956231,1,0.30174591101285164,חלב (סרט),2024
יניב ביטון,שירה נאור,0,0.0,0.0,117,3,0,22,0.000686947369871657,1,0.30285935776961886,גן קופים,2023
יונתן ברק,תום אבני,0,0.0,0.0,144,4,0,26,0.0007167445916276365,1,0.3068258111765026,תמונת הניצחון,2021
מילי עשת,תמיר גינזבורג,0,0.0,0.0,90,4,0,19,0.0007114335500670288,1,0.3123435545751307,כיסופים (סרט),2024
זוהר שטראוס,רותם סלע,0,0.0,0.0,144,3,0,25,0.0007836064349871524,1,0.31445572465804256,סודה (סרט),2024
יואל רוזנקיאר,שרון שטרק,0,0.0,0.0,120,4,0,23,0.0007509382552154324,1,0.3147269856753427,סודה (סרט),2024
יניב ביטון,נעמה פרייס,0,0.0,0.0,91,3,0,20,0.0006769876058845947,1,0.31495696705024767,הפילגש,2022
ניב מג'ר,רמי ברוך,0,0.0,0.0,192,3,0,32,0.0010643866529892302,1,0.3172983472171847,"בית (סרט, 2023)",2023
יואל רוזנקיאר,נטע שפיגלמן,0,0.0,0.0,136,4,0,25,0.0008296263875234284,1,0.3322412496639172,סודה (סרט),2024
ניב מג'ר,ריקי בליך,0,0.0,0.0,264,3,0,41,0.0012127159014586493,1,0.33523298631444853,"בית (סרט, 2023)",2023
אלעד צפני,זהר ליבה,0,0.0,0.0,144,4,0,26,0.0008537161028381555,1,0.3353180171619268,מרוסקים: גולסטאר הסרט,2024
הרצל טובי,ליר כץ,0,0.0,0.0,144,3,0,25,0.0006695324361317729,1,0.3376991090640995,כיסופים (סרט),2024
נועה קירל,עדי הימלבלוי,1,0.058823529411764705,0.3459762562611936,81,2,0,18,0.0005377257316598457,1,0.3386532200683886,אוהב אותך צ'ארלי,2022
זהבה בן,חני נחמיאס,0,0.0,0.0,153,3,0,26,0.0007586928077637682,1,0.3397881702685071,ימים טובים: סיפורו של זאב רווח,2024
איציק סיידוף,גיא גורביץ,0,0.0,0.0,135,4,0,24,0.0008195968560202547,1,0.34039443938657116,אדמה בוערת (סרט ישראלי),2022
אריק משעלי,הילה סעדה,0,0.0,0.0,126,3,0,23,0.0007044179124962211,1,0.3415189212884494,שער הפרחים (סרט),2022
דן תורן,זהבה בן,0,0.0,0.0,162,3,0,27,0.0007379787627842334,1,0.34245883646585273,ימים טובים: סיפורו של זאב רווח,2024
אדם גבאי,הרצל טובי,0,0.0,0.0,128,3,0,24,0.0006575752205550923,1,0.34299757441200635,כיסופים (סרט),2024
צחי גראד,תאמר נפאר,0,0.0,0.0,308,3,0,156,0.004029054422548486,1,0.34315548291452114,חומוס FULL טריילר,2022
אביתר לזר,שלמה סדן,0,0.0,0.0,176,3,0,30,0.0011513923169658134,1,0.34906195641069443,נקמה יהודית 6,2024
קרן צור,תימור כהן,0,0.0,0.0,135,3,0,24,0.0006931775666765955,1,0.34935528975583513,"קריוקי (סרט, 2022)",2022
אליאנה תדהר,לי בירן,0,0.0,0.0,144,4,1,26,0.0009065066478384009,1,0.34969397710152594,"הסיפור שלנו (סרט, 2022)",2022
זוהר שטראוס,יואל רוזנקיאר,0,0.0,0.0,128,3,0,24,0.0008538587333343907,1,0.35096441459164346,סודה (סרט),2024
אייל שיראי,רועי ניק,0,0.0,0.0,180,4,0,29,0.0008608268682793027,1,0.35349195924098387,דניאל אויערבאך,2023
אביעד בנטוב,לני כהן,0,0.0,0.0,162,3,0,27,0.000793319829903386,1,0.3555727010316697,ילד זין (סרט),2025
אייל שיראי,רותם קינן,0,0.0,0.0,117,3,0,22,0.0006594935203049612,1,0.3628241460385862,דניאל אויערבאך,2023
הרצל טובי,יהונתן וילוז'ני,0,0.0,0.0,112,3,0,23,0.0006872177493410061,1,0.36289474685457096,כיסופים (סרט),2024
אביתר לזר,יהודה גרובייס,0,0.0,0.0,110,3,0,27,0.0011437370148124225,1,0.364838770707157,נקמה יהודית 6,2024
אדם גבאי,אליאנה תדהר,0,0.0,0.0,144,3,0,26,0.000788610255981011,1,0.3651808780992339,תמונת הניצחון,2021
רותם סלע,שרון שטרק,0,0.0,0.0,135,3,0,24,0.000680685956868194,1,0.3670228010436919,סודה (סרט),2024
אליאנה תדהר,יונתן ברק,0,0.0,0.0,144,3,0,26,0.0007985023249736617,1,0.36848793459063073,תמונת הניצחון,2021
דרור קרן,ניב מג'ר,0,0.0,0.0,480,3,0,68,0.0017971222499058143,1,0.3685241211362976,"בית (סרט, 2023)",2023
אולג לוין,דודו באוכנר,0,0.0,0.0,162,3,0,27,0.0007342292992469871,1,0.3686126112161065,הארוחה,2023
אביעד בנטוב,ניב מג'ר,1,0.04,0.2749075777424936,144,2,0,26,0.0008978361730323739,1,0.3706467292683933,ילד זין (סרט),2025
חני נחמיאס,נואל ברקוביץ',0,0.0,0.0,153,3,0,26,0.0007717668922809467,1,0.3741449716882135,"שמלת השבת של חנה'לה (סרט, 2021)",2021
זהר ליבה,ירון ברלד,0,0.0,0.0,162,3,0,27,0.0007973835257734322,1,0.3751977128317899,מרוסקים: גולסטאר הסרט,2024
אודי רצין,אנה דוברוביצקי,0,0.0,0.0,162,3,0,27,0.0007241805496153479,1,0.37650421654847865,יותר ממה שמגיע לי,2023
אדם גבאי,עלא דקה,0,0.0,0.0,112,3,0,22,0.0006286762290628328,1,0.37880057969601205,"סבוי (סרט, 2022)",2022
ליאור רז,רותם סלע,0,0.0,0.0,162,3,0,27,0.0007412851188345812,1,0.37928917550675356,סודה (סרט),2024
גל פרידמן,רותם סלע,0,0.0,0.0,252,4,0,37,0.0010107050040580982,1,0.3793097982401341,סודה (סרט),2024
אנחל בונני,בת אל מוסרי,0,0.0,0.0,126,3,0,23,0.0008329454466113845,1,0.3836061254430374,בוטיק פריז,2022
זהבה בן,יונה אליאן,0,0.0,0.0,234,3,0,35,0.0009242872114736264,1,0.3836482116167792,ימים טובים: סיפורו של זאב רווח,2024
נטע שפיגלמן,רותם סלע,0,0.0,0.0,153,3,0,26,0.00075937408917619,1,0.3865227395777006,סודה (סרט),2024
אנסטסיה פיין,שרה פון שוורצה,0,0.0,0.0,144,3,0,25,0.0006808693877100502,1,0.3903343376145219,כביש הסרגל (סרט),2024
אדם גבאי,תום אבני,0,0.0,0.0,144,3,0,26,0.0007068525226349859,1,0.3913504448753733,תמונת הניצחון,2021
דן תורן,רמי פורטיס,0,0.0,0.0,162,3,0,27,0.0007375063944445216,1,0.3960662910487536,עצבני ומהיר: הסיפור של פאסט מיוזיק והפטיפון,2022
מורן אטיאס,שירה נאור,0,0.0,0.0,162,3,0,27,0.0007362521021703013,1,0.398906414881198,זרים מושלמים (סרט ישראלי),2021
אלישע בנאי,דן תורן,0,0.0,0.0,162,3,0,27,0.0007322049967907716,1,0.40069102278009094,עצבני ומהיר: הסיפור של פאסט מיוזיק והפטיפון,2022
הילה סורג'ון פישר,ח'ליפה נאטור,0,0.0,0.0,270,3,0,39,0.0011279484893593436,1,0.4017403745281383,הים (סרט),2025
דובי גל,חני נחמיאס,0,0.0,0.0,153,3,0,26,0.00078387552648287,1,0.401841568449044,ימים טובים: סיפורו של זאב רווח,2024
איתמר רוטשילד,נעמה פרייס,0,0.0,0.0,105,3,0,22,0.000676343395768274,1,0.40448531301191154,הפילגש,2022
דניאל סבג,יעל לבנטל,0,0.0,0.0,216,4,0,35,0.001010315095876402,1,0.405258319662231,שבע ברכות (סרט),2023
הדס ירון,מעיין תורג'מן,0,0.0,0.0,144,3,0,26,0.0007536615214264761,1,0.40612664110871133,חלב (סרט),2024
אלישע בנאי,אנה דוברוביצקי,1,0.038461538461538464,0.2302128900546512,162,2,0,27,0.0007346652902547471,1,0.40885311189934775,אחד בלב,2021
דובי גל,דן תורן,0,0.0,0.0,162,3,0,27,0.000763161481503335,1,0.410000825562786,ימים טובים: סיפורו של זאב רווח,2024
יואב לוי,ישראל אטיאס,0,0.0,0.0,205,4,0,46,0.001315980968979591,1,0.4100966714083582,לרוץ על החול,2023
דובי גל,יונה אליאן,0,0.0,0.0,234,3,0,35,0.000949469930192728,1,0.41080215929260555,ימים טובים: סיפורו של זאב רווח,2024
אדם גבאי,מילי עשת,0,0.0,0.0,80,3,0,18,0.0005983797027688148,1,0.4110612171368797,כיסופים (סרט),2024
יניב ביטון,תאמר נפאר,1,0.07142857142857142,0.3001016285004131,26,2,0,15,0.0005405586902052777,1,0.412190727222473,חומוס FULL טריילר,2022
הישאם סלימאן,יונתן ברק,0,0.0,0.0,128,3,0,24,0.0007621219155274585,1,0.41231214411783756,תמונת הניצחון,2021
ירדן בר-כוכבא,ישראל ברייט,0,0.0,0.0,144,3,0,25,0.0007233839783975513,1,0.4152317073098727,חדר משלו,2023
אלון לשם,גיא גורביץ,0,0.0,0.0,75,3,0,20,0.000677350097985434,1,0.41562056434086797,אדמה בוערת (סרט ישראלי),2022
פולי רשף,תאמר נפאר,0,0.0,0.0,114,3,0,59,0.0014656296654978187,1,0.41644146983952773,חומוס FULL טריילר,2022
קרן מור,תאמר נפאר,0,0.0,0.0,146,3,0,75,0.0019428419379615449,1,0.41725573384839393,חומוס FULL טריילר,2022
אדם גבאי,הישאם סלימאן,0,0.0,0.0,128,3,0,24,0.0007522298465348078,1,0.4175472516920194,תמונת הניצחון,2021
גל פרידמן,יואל רוזנקיאר,0,0.0,0.0,224,4,0,36,0.0010809573024053365,1,0.4180949365814644,סודה (סרט),2024
מנשה נוי,תאמר נפאר,0,0.0,0.0,190,3,0,97,0.0024693861300474915,1,0.4205445238306624,חומוס FULL טריילר,2022
אילנית בן-יעקב,ג'יטה מונטה,0,0.0,0.0,144,3,0,25,0.0007490730368978397,1,0.4215639347893292,טור פרידה,2023
ח'ליפה נאטור,מרלן בג'אלי,1,0.02631578947368421,0.204800443649844,270,2,0,39,0.0011295184159167753,1,0.421598347644635,הים (סרט),2025
הילה סעדה,זאב רווח,0,0.0,0.0,342,4,0,47,0.0012488586856987827,1,0.42172688749541426,שער הפרחים (סרט),2022
דובר קוסאשווילי,רינת מטטוב,0,0.0,0.0,198,3,0,31,0.0009012160989594714,1,0.4228483887626081,טרופיקנה (סרט),2024
יואל רוזנקיאר,ליאור רז,0,0.0,0.0,144,3,0,26,0.0008115374171818196,1,0.42421485814593485,סודה (סרט),2024
מיכאל וייגל,מילי עשת,0,0.0,0.0,90,3,0,19,0.0006348868320581206,1,0.4249524763111311,עקרה (סרט),2022
מילי עשת,רננה רז,0,0.0,0.0,90,3,0,19,0.0006348868320581206,1,0.4249524763111312,עקרה (סרט),2022
קובי פרג',קרן צור,0,0.0,0.0,243,3,0,36,0.0010323442998991733,1,0.42595869675305664,"קריוקי (סרט, 2022)",2022
ליאור דובדבני,משה פרסטר,1,0.030303030303030304,0.1985327397206032,225,2,0,34,0.0009110549343017915,1,0.42878244823928324,אוהב אותך צ'ארלי,2022
יגאל עדיקא,עודד מנסטר,0,0.0,0.0,119,8,0,120,0.0034334625762409035,1,0.4325984052191575,"תמונות יפואיות (סרט, 2024)",2025
דניאל מורשת,ישי גולן,0,0.0,0.0,495,3,0,64,0.0017432862212838707,1,0.4328010154565473,חשבונות שמיים,2025
דניאל מורשת,מיקי לאון,0,0.0,0.0,513,3,0,66,0.0017574199465800915,1,0.4334708756974589,חשבונות שמיים,2025
אילנית בן-יעקב,דובר קוסאשווילי,1,0.041666666666666664,0.22953106112437666,144,2,0,25,0.0007382580824271492,1,0.4335352058264209,טרופיקנה (סרט),2024
יהונתן וילוז'ני,מילי עשת,0,0.0,0.0,70,3,0,17,0.0006280222315547287,1,0.43563431896587074,כיסופים (סרט),2024
גבי דן,עודד מנסטר,0,0.0,0.0,15,8,0,16,0.0009084289483232626,1,0.4404800729421463,"תמונות יפואיות (סרט, 2024)",2025
אולג לוין,עודד מנסטר,0,0.0,0.0,18,8,0,19,0.0009283218348474771,1,0.44271182777561735,הארוחה,2023
אלי מנשה,דורית לב ארי,0,0.0,0.0,184,3,0,31,0.0008446500363107208,1,0.4436596520939275,לא יום ולא לילה,2024
ג'וליה מסלאווי,עודד מנסטר,0,0.0,0.0,18,8,0,19,0.0009414386477332154,1,0.4450519056703408,"תמונות יפואיות (סרט, 2024)",2025
און רפאלי,אקי אבני,0,0.0,0.0,408,3,0,74,0.0020225822258880003,1,0.4460748829622277,פול ספיד,2021
דורית לב ארי,מאיה כהן,0,0.0,0.0,207,3,0,32,0.0008556570777795518,1,0.44676333282157393,לא יום ולא לילה,2024
גל לב,קובי פרג',0,0.0,0.0,108,3,0,31,0.0009149481175328286,1,0.4502699448463938,"קריוקי (סרט, 2022)",2022
משה טימור,ששי קשת,0,0.0,0.0,238,3,0,31,0.0008520554368624577,1,0.45254184779327983,אנחנו לא ניפרד לעולם,2022
מוני מושונוב,תאמר נפאר,0,0.0,0.0,204,3,0,104,0.002908121794461153,1,0.4541617341999168,חומוס FULL טריילר,2022
זהבה בן,ניצה שאול,1,0.029411764705882353,0.22449978268220952,234,2,0,35,0.0009538601674256543,1,0.4586098855817582,ימים טובים: סיפורו של זאב רווח,2024
אילנית בן-יעקב,תום חגי,1,0.041666666666666664,0.23233849357411737,144,2,0,25,0.000753785468017747,1,0.45907245049618245,10 חודשים,2024
דובר קוסאשווילי,רבקה בכר,0,0.0,0.0,243,3,0,36,0.0009055346414031409,1,0.46144322557153084,טרופיקנה (סרט),2024
חן אמסלם,שלום אסייג,0,0.0,0.0,162,3,1,27,0.000733224888723828,1,0.4638404463014079,אמצע החיים (סרט),2024
יואב רוטמן,מיכאל וייגל,0,0.0,0.0,207,3,0,32,0.0008648958964733069,1,0.464612192780813,עקרה (סרט),2022
יואב רוטמן,רננה רז,0,0.0,0.0,207,3,0,32,0.0008648958964733069,1,0.464612192780813,עקרה (סרט),2022
אורנה כץ,יואב רוטמן,0,0.0,0.0,115,3,0,28,0.0007840331225316572,1,0.4646882631059037,המנצחים (סרט),2023
יואב רוטמן,יותם קושניר,0,0.0,0.0,207,3,0,32,0.0008736365154508504,1,0.4657617033958212,המנצחים (סרט),2023
ליאת הר לב,מוריס כהן,0,0.0,0.0,180,3,0,29,0.0007991176448631421,1,0.4666295300282805,"השתיקה (סרט, 2022)",2022
דור הררי,יואב רוטמן,0,0.0,0.0,138,3,0,29,0.0008126028518250396,1,0.4670765236006803,המנצחים (סרט),2023
לני כהן,תובל שפיר,0,0.0,0.0,216,3,0,33,0.0010123893061970118,1,0.46869561472159427,ילד זין (סרט),2025
נעמה פרייס,עירית גדרון,0,0.0,0.0,161,3,0,30,0.0008661070746095935,1,0.469257737845331,הפילגש,2022
יואל רוזנקיאר,ישי גולן,0,0.0,0.0,440,4,0,63,0.0017241731023087566,1,0.4698998996915073,תוכנית א' (סרט),2021
עלמה זק,רותם סלע,0,0.0,0.0,315,3,0,44,0.0011378747870131856,1,0.47024374201924923,עולה לראש,2022
משה פרסטר,נועה קירל,0,0.0,0.0,225,3,0,34,0.0009265496825509843,1,0.4714210922244142,אוהב אותך צ'ארלי,2022
גורי אלפי,דניאל גל,1,0.021739130434782608,0.24842549839846914,342,2,0,47,0.0013305426463046687,1,0.4717381142857125,עוד סיפור אחד,2021
אלון לשם,יעל לבנטל,0,0.0,0.0,135,3,0,32,0.0008406783726834659,1,0.47376172938791883,אדמה בוערת (סרט ישראלי),2022
אלישע בנאי,רן דנקר,0,0.0,0.0,315,3,0,44,0.0012555971960549477,1,0.4741272706263475,אחד בלב,2021
דובר קוסאשווילי,עירית שלג,0,0.0,0.0,243,3,0,36,0.0009409699495967205,1,0.47454496888080516,טרופיקנה (סרט),2024
משה פרסטר,עדי הימלבלוי,0,0.0,0.0,225,3,0,34,0.0008906571258483098,1,0.4747804793643142,אוהב אותך צ'ארלי,2022
דניאל מורשת,ריימונד אמסלם,0,0.0,0.0,693,3,0,86,0.002338260591982845,1,0.4770156212575878,חשבונות שמיים,2025
שירי גדני,תום חגי,0,0.0,0.0,234,3,0,35,0.0008974380476591198,1,0.4771501021653087,10 חודשים,2024
אביגיל הררי,אלישע בנאי,0,0.0,0.0,216,3,0,33,0.0008884024424606286,1,0.47729644718500236,אחד בלב,2021
חן אמסלם,יניב סוויסה,2,0.08,0.5648449061140617,162,2,0,27,0.0007185549411181072,1,0.4805350240285763,אמצע החיים (סרט),2024
ליטל שוורץ,רועי אסף,0,0.0,0.0,190,3,0,43,0.0012177704167411591,1,0.48210330357148007,חמדה (סרט),2024
אליעד נחום,משה פרסטר,0,0.0,0.0,225,3,0,34,0.0009130032296940942,1,0.48225624520379246,אוהב אותך צ'ארלי,2022
מוטי בן ישי,עודד מנסטר,0,0.0,0.0,20,8,0,21,0.000995776640002393,1,0.48346458917300805,"תמונות יפואיות (סרט, 2024)",2025
נואל ברקוביץ',שירן סנדל,1,0.04,0.318928988903801,153,2,0,26,0.0008572965462781946,1,0.4838924639027468,"שמלת השבת של חנה'לה (סרט, 2021)",2021
יותם קושניר,עמית פרקש,0,0.0,0.0,207,3,0,32,0.0009821416680636443,1,0.48740161007059535,המנצחים (סרט),2023
אורנה כץ,עמית פרקש,0,0.0,0.0,115,3,0,28,0.0008925382751444511,1,0.4879025937639769,המנצחים (סרט),2023
דור הררי,עמית פרקש,0,0.0,0.0,138,3,0,29,0.0009211080044378335,1,0.4893837123434262,המנצחים (סרט),2023
מוריס כהן,שלומי טפיארו,0,0.0,0.0,180,3,0,29,0.0008154270549707075,1,0.48943057304400156,"השתיקה (סרט, 2022)",2022
אנחל בונני,מוריס כהן,0,0.0,0.0,180,3,0,29,0.0008330573633411077,1,0.4904391261720494,בוטיק פריז,2022
אדיר מילר,שירה נאור,0,0.0,0.0,198,3,1,31,0.0008423678216604444,1,0.49118877475090855,גן קופים,2023
אילנית בן-יעקב,רננה רז,0,0.0,0.0,144,3,1,25,0.000751461074732247,1,0.49153728753996806,עקרה (סרט),2022
אילנית בן-יעקב,מיכאל וייגל,0,0.0,0.0,144,3,1,25,0.000751461074732247,1,0.49153728753996806,עקרה (סרט),2022
אריק משעלי,הרצל טובי,0,0.0,0.0,224,3,0,30,0.0008423263279590803,1,0.493026281094337,ההילולה 2 – החתונה,2025
דניאל סבג,רבקה בכר,0,0.0,0.0,216,3,0,35,0.000989500881182865,1,0.4933626013421597,שבע ברכות (סרט),2023
אלישע בנאי,מאיר סוויסה,0,0.0,0.0,324,3,1,45,0.0013560725039122557,1,0.49389803039925856,אחד בלב,2021
אסי ישראלוף,דוד שאול,1,0.041666666666666664,0.23459420572161058,66,2,0,25,0.0007312858960393544,1,0.49524987729403425,לשחרר את שולי,2021
סמירה סרייה,קוסטה קפלן,0,0.0,0.0,18,4,0,11,0.0003726714423900374,1,0.4979952022893831,חלב (סרט),2024
גל לב,ששון גבאי,3,0.03488372093023256,0.6975653327747194,340,2,0,89,0.002296099051015552,1,0.4987236284746936,"קריוקי (סרט, 2022)",2022
