page_id,movie_title,year
1706365,איי לייק מייק (סרט),1960
631050,הם היו עשרה,1960
1486999,חולות לוהטים,1960
2518194,רחל (סרט),1960
2504743,תיקון קטן,1960
857892,בעל החלומות,1962
1636341,חבורה שכזאת,1962
1705716,ניני (סרט),1962
1739089,סיניה (סרט),1962
722734,עץ או פלסטיין,1962
934289,"אלדורדו (סרט, 1963)",1963
934271,אף מלה למורגנשטיין,1963
1706136,אשת הגיבור,1963
1139461,בירושלים,1963
2085703,המרתף (סרט),1963
934313,רק בלירה,1963
1381293,אולי תרדו שם,1964
934277,דליה והמלחים,1964
1673760,הבו בנות לאילת,1964
1639784,משפחת שמחון (סרט),1964
49498,סאלח שבתי,1964
1640335,שמונה בעקבות אחד (סרט קולנוע),1964
618198,חור בלבנה,1965
2039089,פיצוץ בחצות,1965
1970003,רק לא בשבת,1965
1337430,אני אחמד,1966
1749001,המניע לרצח,1966
515568,מבצע קהיר,1966
771210,מוישה ונטילטור,1966
1937401,סבינה והגברים,1966
187658,פורטונה (סרט),1966
1136105,שני קוני למל (סרט),1966
1374634,999... עליזה מזרחי,1967
412065,ארבינקא (סרט),1967
2186150,האם תל אביב בוערת?,1967
916434,הוא הלך בשדות (סרט),1967
721528,לאט יותר,1967
1769948,סיירים (סרט),1967
384118,שלושה ימים וילד (סרט),1967
1765180,איריס (סרט),1968
2529059,אסירי החופש,1968
1799770,הבן האובד (סרט),1968
1472160,המטרה טיראן,1968
1485922,"המלחמה על השלום (סרט, 1968)",1968
2060190,הצד השני,1968
768803,השכונה שלנו,1968
2443466,חמישה ימים בסיני,1968
1001124,טוביה ושבע בנותיו,1968
1407395,כל ממזר מלך,1968
1644183,נס בעיירה,1968
812054,ששת הימים (סרט),1968
1438973,השמלה (סרט),1969
2433857,להט במים,1969
1979207,לפני מחר,1969
566471,מצור (סרט),1969
1687493,מרגו שלי,1969
46526,תעלת בלאומילך,1969
812433,אורח בעונה מתה,1970
1419014,הפריצה הגדולה,1970
1771822,התמהוני,1970
770084,התרוממות (סרט),1970
617093,לופו,1970
98879,שבלול (סרט),1970
2015141,אני ירושלמי,1971
2046536,בלומפילד (סרט),1971
70969,השוטר אזולאי,1971
1708230,התרנגול,1971
189061,חסמבה ונערי ההפקר,1971
1184766,חצי חצי,1971
766501,כץ וקרסו,1971
770666,מלכת הכביש,1971
1638650,פישקה במילואים,1971
145759,אני אוהב אותך רוזה,1972
2203649,הבריחה אל השמש,1972
2102869,הגלולה,1972
873397,"הטרמפיסט (סרט, 1972)",1972
1639377,ז'אקו והיצאניות,1972
1936855,לא ביום ולא בלילה (סרט),1972
187500,לאן נעלם דניאל וקס?,1972
1654152,מי ורדים מפורט סעיד,1972
94374,מציצים,1972
1352160,נורית (סרט),1972
1639242,נחצ'ה והגנרל,1972
1115120,סלומוניקו,1972
290636,עזית הכלבה הצנחנית (סרט),1972
1773902,פלוך,1972
31687,שוד הטלפונים הגדול,1972
934107,שתי דפיקות לב,1972
1132435,אבו אל בנאת,1973
1981000,אדם (סרט),1973
2039812,אור מן ההפקר,1973
103246,הבית ברחוב שלוש,1973
1100856,הבלש האמיץ שוורץ,1973
2505223,הוא היא והוא,1973
2047088,"המשכנע בע""מ",1973
2082499,הסנדלר העליז,1973
1646849,חכם גמליאל,1973
2055036,מתנה משמיים (1973),1973
1677247,קוראים לי שמיל,1973
1189870,קזבלן (סרט),1973
271128,"שלום, תפילת הדרך",1973
185909,המכה ה-81,1974
2062021,"יום הדין (סרט, 1974)",1974
188626,עיניים גדולות,1974
22794,צ'רלי וחצי,1974
433115,שרית,1974
2489970,איש רחל,1975
1960545,הדיבר ה-11,1975
22674,חגיגה בסנוקר,1975
1154621,חגיגה לעיניים,1975
1381126,יהיה טוב סלומוניקו,1975
2105220,"יהלומים (סרט, 1975)",1975
1769153,מיכאל שלי (סרט),1975
1186704,שלושה ואחת,1975
2104205,"ג'וקר (סרט, 1976)",1976
20625,גבעת חלפון אינה עונה,1976
2259321,הבננה השחורה,1976
1100963,המלאך היה שטן,1976
282121,יופי של צרות!,1976
615202,לופו בניו יורק,1976
693070,משפחת צנעני,1976
1418693,קוני למל בתל אביב,1976
2051228,רחוב 60,1976
766998,רק היום,1976
1650597,בדרנית בחצות,1977
2046001,בוא נפוצץ מיליון,1977
893238,דודה קלרה,1977
175724,הגונב מגנב פטור (סרט),1977
1752588,הגן,1977
696005,הצילו את המציל,1977
1768027,הרשלה (סרט),1977
771289,חמש מאות אלף שחור,1977
187808,מבצע יונתן (סרט),1977
712326,מסע אלונקות (סרט),1977
1316539,סרט וארוחת בוקר,1977
722642,פנטסיה על נושא רומנטי,1977
424112,קשר הדבש,1977
1037454,רשות נחיתה,1977
23031,אסקימו לימון (סרט),1978
1021592,בלפר (סרט),1978
93090,הלהקה,1978
2090668,השועל בלול התרנגולות (סרט),1978
2434626,חפיף,1978
2434399,ישראלים מצחיקים,1978
768776,מיליונר בצרות,1978
409528,סוסעץ,1978
1731840,שרגא קטן,1978
770905,אמי הגנרלית,1979
26084,דיזנגוף 99,1979
205588,טעות במספר,1979
55450,יוצאים קבוע,1979
770295,לא לעלות יותר,1979
823104,נישואין נוסח תל אביב,1979
766656,נערת הפרברים,1979
1649907,פרשת וינשל,1979
1491244,רגעים (סרט),1979
1690088,רובה חוליות,1979
111737,שלאגר (סרט),1979
1712524,הפחדנים,1980
2430920,חייך אכלת אותה,1980
398076,חמש חמש,1980
1650361,"מחבואים (סרט, 1980)",1980
2043915,על חבל דק,1980
1651307,פצעי בגרות 80,1980
271130,העיט,1981
1766109,לא לשידור,1981
770820,מסג'יסט הצמרת,1981
1755220,סופו של מילטון לוי,1981
1678680,סיפור אינטימי,1981
1753317,עם ישראל חי (סרט),1981
1642053,שגעון של אבא,1981
1304717,שפשוף נעים,1981
130155,אדון ליאון,1982
1647725,אהבה אילמת,1982
1651652,אהבה ראשונה (סרט),1982
655267,אות קין (סרט),1982
757028,בן לוקח בת,1982
758103,גבי בן יקר,1982
1764996,האיש שבא לקחת,1982
271129,כביש ללא מוצא (סרט),1982
394326,מתחת לאף,1982
187347,נועה בת 17,1982
557682,ספיחס (סרט),1982
1647245,צלילה חוזרת,1982
2501579,אני והמאהב של אשתי,1983
767085,בחינת בגרות (סרט),1983
2220055,המגילה 83,1983
1744636,הפנימייה,1983
1696245,זוג נשוי,1983
152123,נגוע,1983
2054179,נורית 2,1983
1304726,סבבה (סרט),1983
315874,קוני למל בקהיר,1983
1304728,רומן זעיר,1983
2410188,ביום בהיר רואים את דמשק,1984
2107058,גרין (סרט),1984
2049327,הדודה מארגנטינה,1984
2117900,החורף האחרון,1984
1704110,זעם ותהילה,1984
2201194,חייל הלילה,1984
103244,מאחורי הסורגים,1984
1017159,מבצע שטריימל,1984
2100291,מגש הכסף (סרט),1984
272841,מכת שמש (סרט),1984
765830,ספר נשים (סרט),1984
2066828,עדות מאונס,1984
1518147,עתליה (סרט),1984
1643077,אירית עירית,1985
1577530,בנות (סרט),1985
411324,בר 51,1985
1304735,"הרימו עוגן (סרט, 1985)",1985
839095,חסמבה ושודדי הסוסים,1985
2122068,חתונה בירושלים (סרט קצר),1985
2035880,עד סוף הלילה,1985
1655772,קומפוט נעליים,1985
759781,קוקו בן 19,1985
719597,שוברים,1985
177486,אוונטי פופולו,1986
1156804,אלכס חולה אהבה,1986
1002437,האינסטלטור,1986
883334,"הטוב, הרע והלא נורא",1986
1317095,המאהב (סרט קולנוע ישראלי),1986
390702,הקרב על הוועד,1986
1829485,השגעון הגדול (סרט),1986
1805310,חיוך הגדי,1986
2219310,כל אהבותי,1986
1651858,כפפות (סרט),1986
761566,לחם (סרט טלוויזיה),1986
1784321,מלכת הכיתה (סרט),1986
2124125,נאדיה (סרט),1986
1901197,ניפגש בסיבוב (סרט),1986
2162771,סוף שבוע מטורף,1986
118029,שתי אצבעות מצידון,1986
94609,אבא גנוב,1987
1347001,אהבה צעירה,1987
568505,בובה (סרט),1987
165734,בלוז לחופש הגדול,1987
2056294,"החולמים (סרט, 1987)",1987
1417300,"היפהפייה הנרדמת (סרט, 1987)",1987
765931,המובטל בטיטו,1987
1752686,חימו מלך ירושלים,1987
2466852,יוננם,1987
1682363,ילדי סטלין,1987
2107026,לא שם זין (סרט),1987
1755601,פוטו רומן,1987
2177359,תל אביב - ברלין,1987
498039,אל עצמי (סרט),1988
768383,בגלל המלחמה ההיא,1988
1473692,בלוז לקיץ,1988
1980343,בצילו של הלם קרב,1988
1761095,הינשוף,1988
1071367,המשורר,1988
848141,הקיץ של אביה (סרט),1988
938570,יהושע יהושע,1988
550399,לול (סרט),1988
786654,מה קרה? (סרט קצר),1988
2504984,מטולדו לירושלים,1988
208290,מלך הסלים (סרט),1988
2433519,מצלמה בלי בושה,1988
2072023,מקום ליד הים,1988
2271040,משחקים בחורף (סרט),1988
568493,נישואין פיקטיביים (סרט),1988
559086,תל אביב לוס אנג'לס,1988
94596,אבא גנוב 2,1989
1849198,אוכלים לוקשים,1989
2321882,אחד באפריל (סרט),1989
103250,אחד משלנו,1989
1715008,אלף נשותיו של נפתלי סימן טוב,1989
1669463,אש צולבת,1989
233522,ד.צ. חוף אילת,1989
1949304,האדונית והרוכל (סרט),1989
2041843,המיועד (סרט),1989
1797902,"יוסל'ה, איך זה קרה?",1989
2432964,ניפגש בספארי,1989
1350164,צמות (סרט),1989
2130223,רותי נעים,1989
2112976,רחובות האתמול (סרט),1989
2084923,"רכבת העמק (סרט, 1989)",1989
2175064,רסיסים (סרט),1989
1778011,"שדות ירוקים (סרט, 1989)",1989
766267,תלווה לי את אשתך,1989
917033,אהבתה האחרונה של לורה אדלר,1990
991983,אפטר (סרט),1990
1717674,דרך הנשר,1990
2087145,הדרך לעין חרוד (סרט),1990
1700778,המחצבה,1990
60626,"נשיקה במצ""ח",1990
193276,שורו (סרט),1990
2168253,שירים קטנים (1990),1990
995106,שמשה קדמית (סרט),1990
94599,אבא גנוב 3,1991
1924377,אישה זרה,1991
187291,גמר גביע,1991
2059684,זמן אמת (1991),1991
490844,כמו גדולים,1991
636813,להיות קצין,1991
187604,מעבר לים,1991
1084022,נפרדנו כך (סרט),1991
185153,עונת הדובדבנים,1991
651472,שאנן שיא,1991
1071366,אדי קינג,1992
928620,אזרח אמריקאי,1992
2431255,גברת תפתחי זה אני,1992
793105,האסיסטנט של אלוהים,1992
59516,החיים על פי אגפא,1992
187579,חסד מופלא,1992
770366,טיפת מזל,1992
433415,כבלים (סרט),1992
2111858,להב חצוי,1992
1731455,להיטים מצוירים משלנו,1992
1640606,ללקק ת'תות,1992
2055662,מאחורי הסורגים 2,1992
213577,סיפורי תל אביב,1992
402186,קורבן האהבה,1992
2188290,קיץ אצל אריקה,1992
2025532,שנת 66' הייתה טובה לתיירות,1992
995052,גולם במעגל (סרט),1993
1934282,גרופי,1993
1692665,"הירושה (סרט, 1993)",1993
2170032,הסרט שלא היה,1993
280503,זהר (סרט),1993
2479127,חבר ואח,1993
1134876,כמו גדולים 2,1993
1592112,מחפשת בעל על ארבע,1993
1579953,מנת יתר (סרט),1993
160162,נקמתו של איציק פינקלשטיין,1993
1285729,עגיל בזין,1993
2093317,קופסה שחורה (סרט),1993
1802803,שלג באוגוסט,1993
2134908,אחרי החגים (סרט),1994
1779071,איה: אוטוביוגרפיה דמיונית,1994
2296503,אליעזר והגזר (סרט),1994
1317693,ארץ חדשה (סרט),1994
2333455,בדרכה של אנה פרנק,1994
664608,"בית (סרט, 1994)",1994
242296,האח של דריקס,1994
1643368,הגמל המעופף (סרט),1994
1987203,המרחק,1994
942042,הקצ לדמעות,1994
747753,מקס ומוריס,1994
1657307,סיפור שמתחיל בלוויה של נחש,1994
2230137,"צלקת (סרט, 1994)",1994
2213701,קפה עם לימון,1994
189202,שחור (סרט),1994
213397,שירת הסירנה (סרט),1994
577181,שמיכה חשמלית ושמה משה,1994
181315,ב-72 לא הייתה מלחמה,1995
390201,הכוכב הכחול (סרט),1995
607835,הרפתקאות שלומיאל,1995
2088765,זכרון דברים (סרט),1995
189181,חולה אהבה בשיכון ג',1995
1764968,ילדי קניון הזהב,1995
2092757,לילה לבן (סרט),1995
189267,לילסדה,1995
1734892,עץ הדומים תפוס (סרט),1995
2501669,קהילת קדושים,1995
2169554,שחקנים (סרט),1995
1050356,אבא עושה בושות (סרט),1996
2185579,אושר ללא גבול,1996
396747,בוכה בגשם,1996
188091,בית שאן: סרט מלחמה,1996
1660331,האיטלקים באים,1996
211984,זולגות הדמעות מעצמן,1996
477436,לנגד עיניים מערביות,1996
2438804,מי האבא?,1996
2271616,מלכה לב אדום,1996
272850,משחק חייו,1996
1933592,"סקס, שקרים וארוחת ערב",1996
418041,צעירים לנצח,1996
1785829,קיצור תולדות האוהבים,1996
186261,קלרה הקדושה,1996
272860,קשר דם (סרט),1996
272847,שאכטה (סרט),1996
501216,תאונה בערבה,1996
761132,אהבה אסורה,1997
1668864,אין שמות על הדלתות,1997
2086850,בן-גוריון (סרט),1997
201355,בעל בעל לב,1997
2177192,דומינו (סרט),1997
2076298,הבחור של שולי,1997
1084019,המקלחת,1997
1651524,ז'נטילה,1997
2081139,מינוטאור (סרט),1997
214504,מר באום,1997
2239902,נקמה יהודית,1997
2227242,סוף המשחק (סרט),1997
186250,עפולה אקספרס,1997
582346,פתיחה 1812 (סרט),1997
272903,שבזי (סרט),1997
1975046,"אהבה ממבט שני (סרט, 1998)",1998
280515,באזז,1998
382929,בגין (סרט),1998
2172619,חתולות הרעם,1998
2225827,יום יום (סרט),1998
1764070,כרוניקה של אהבה,1998
1736260,מסוכנת,1998
1766944,סודות משפחה,1998
172981,סוסי ים (סרט),1998
25629,סופר בוי,1998
182149,פעמיים בוסקילה,1998
2016136,צדק מוחלט,1998
185752,קרקס פלשתינה,1998
1758092,קשר עיר,1998
2128530,גופה בחולות,1999
995022,הגרעין הקשה,1999
182447,החברים של יאנה,1999
1980711,המכתב שהגיע בזמן,1999
188033,הספציאליסט,1999
2245143,כאילו כלום לא קרה,1999
64622,מבצע סבתא,1999
2291495,"פרא (סרט, 1999)",1999
189678,צומת וולקן (סרט),1999
607688,צור הדסים,1999
1985575,קדוש (סרט),1999
2480407,שחרר את הנסיכה,1999
2130465,שלום לבן דודי (סרט),1999
2490249,תסתכל לי בעיניים,1999
1987208,אחות זרה,2000
2148754,אספלט צהוב,2000
1781481,אשת כהן (סרט),2000
2045519,בסמה מוצ'ו (סרט),2000
1666208,הבולשת חוקרת,2000
175928,ההסדר,2000
1135085,התור באיבן שדאד 2,2000
103247,כיפור (סרט),2000
185383,משהו טוטאלי,2000
1528906,פצצות בדרך לסוף העולם,2000
857539,רשימת אהבה,2000
855729,Made in Israel,2001
2120747,אינג'יל,2001
2076311,אני פורים (סרט),2001
1591251,אסקימו לימון: החגיגה נמשכת,2001
212710,ג'ירפות (סרט),2001
2073170,הטיול הפנימי,2001
2181616,חמש דקות בהליכה,2001
180932,חתונה מאוחרת,2001
439980,יהלומים וחלודה,2001
185677,כיכר החלומות,2001
554877,מרס תורכי (סרט),2001
1764973,שישה מיליון רסיסים,2001
2174422,שרמן בחורף (סרט),2001
2024493,תומר והשרוטים,2001
1744488,אח שלי הגדול,2002
2238759,בחודש התשיעי,2002
127895,"בית""ר פרובנס",2002
2438386,הערב: הניצול,2002
272967,הר האושר (סרט),2002
1228510,הריקוד האחרון,2002
213506,השיבה מהודו (סרט),2002
709529,השכן של ישו,2002
248941,התיקון,2002
130169,חוכמת הבייגלה (סרט),2002
1643904,חצוצרה בואדי (סרט),2002
2445220,טאהרה (סרט),2002
25789,יוסי וג'אגר,2002
25788,כנפיים שבורות,2002
639088,לילדים שלי,2002
913486,פיתוי (סרט),2002
622899,קדמה (סרט),2002
2388009,שמוליקיפוד (סרט),2002
2130111,שתי דקות מפארדיס,2002
1652166,תמונה קבוצתית עם אישה,2002
2181848,איים בחוף,2003
1159529,איש החשמל,2003
2273040,באמצע הסרט,2003
439983,גן (סרט),2003
157169,האסונות של נינה,2003
1987533,הביוגרפיה של בן,2003
2172498,הדמעות של אמסלם,2003
983956,הדרך לג'נין,2003
186365,ההרוג ה-17,2003
272979,החשוד העיקרי (סרט תיעודי),2003
684766,היה או לא היה,2003
373193,הילדים של ארנה,2003
130162,הכוכבים של שלומי,2003
255545,הללויה (סרט),2003
421101,המנגליסטים,2003
1975050,חיים זה חיים,2003
1664852,חלומו של הנרי,2003
1697659,לא בת 17,2003
2182913,להיות כוכב,2003
2074371,מחסומים,2003
140840,מיס אנטבה,2003
898209,מלחמה אחרת,2003
1767982,מסיבה ביער עם סבא טוביה,2003
64993,מסעות ג'יימס בארץ הקודש,2003
213225,מתנה משמיים (2003),2003
188120,סימה וקנין מכשפה,2003
765683,סיפורי בית קפה,2003
174134,עונג שבת (סרט),2003
1737072,עלילה (סרט),2003
1410456,פגישה עיוורת (סרט),2003
400192,צעד קטן,2003
1610892,רצח ללא מניע,2003
223458,שתיקת הצופרים,2003
2130995,אבנים (סרט),2004
2161564,אהבה קולומביאנית,2004
183260,אור (סרט),2004
892606,את שאהבה נפשי (סרט),2004
1434203,בזמן אמת,2004
2187470,בלאק ג'ק (סרט),2004
100232,האושפיזין,2004
730099,הארץ המובטחת (סרט),2004
213175,הבשורה על פי אלוהים,2004
189951,הכח לשחות,2004
1140548,הכישרון לחיות,2004
140481,הכלה הסורית,2004
339432,ולקחת לך אישה,2004
191552,זהב לבן עבודה שחורה,2004
203349,חתה יסבח סבח,2004
2098408,כספיון (סרט),2004
177834,ללכת על המים,2004
2171822,לנצח עם מיקי ברקוביץ',2004
118124,מדורת השבט (סרט),2004
185675,מטאליק בלוז,2004
1114388,משהו מתוק,2004
1767989,סבא טוביה - סיפורים כיד המלך,2004
103274,סוף העולם שמאלה,2004
2244779,סיפור קיץ,2004
663774,צווארון כחול לבן (סרט),2004
669396,שיחה:האושפיזין,2004
177826,שנת אפס,2004
1218333,תגובה מאוחרת,2004
1394113,אבודים לרגע,2005
185439,אזור חופשי,2005
157514,איזה מקום נפלא,2005
1085957,אלנבי רומאנס,2005
293629,אצלי הכל בסדר (סרט תיעודי),2005
175875,ביקור חולים (סרט),2005
1086528,ברונו מאוהב,2005
123191,ג'נאם ג'נאם,2005
275553,דיסטורשן (סרט),2005
759028,דמיונות,2005
2185497,החשוד האחרון,2005
295952,היומנים של יוסף נחמני,2005
295958,הכבשה הכחולה,2005
1081976,הלב הרעב,2005
1091680,"ילדים טובים (סרט, 2005)",2005
133148,ימים של אהבה,2005
182609,מוכרחים להיות שמח,2005
295999,מועדון בית הקברות,2005
1767996,"סיפורי התנ""ך עם סבא טוביה",2005
2440664,עד מדינה (סרט),2005
1065203,עור (סרט),2005
2246801,עכשיו או לעולם לא,2005
758290,קרוב לבית (סרט),2005
357393,שאדיה,2005
297744,שושלת שוורץ,2005
215257,תגיד אמן,2005
1082102,תחיה ותהיה,2005
444940,NO אקזיט,2006
231791,אביבה אהובתי,2006
158513,אדמה משוגעת,2006
293636,בובות נייר,2006
323261,בילעין חביבתי,2006
193081,בקרוב יקרה לך משהו טוב,2006
243149,גיבורים קטנים,2006
295937,דמעת שחרזאדה,2006
198701,הבועה,2006
231830,הדברים שמאחורי השמש,2006
1084016,השרשרת של פסיה,2006
1218543,טאץ' ווד,2006
243173,ידיים קשורות,2006
243211,ימים קפואים,2006
274348,כבר לא אחמד,2006
216749,כל אנשי הקמפיין,2006
182585,למראית עין,2006
243194,לרקוד,2006
243227,מחילות,2006
232495,מישהו לרוץ איתו (סרט),2006
243367,מכתבים לאמריקה,2006
243384,"מלח הארץ (סרט, 2006)",2006
641332,נוזהת אל-פואד,2006
1052128,נס (סרט),2006
243391,סינדרום ירושלים (סרט),2006
243393,סיפור חצי רוסי,2006
1768004,סיפורה של מדינה עם סבא טוביה,2006
754990,עושים רוח,2006
1982305,שלום פלוגה א,2006
259334,שלוש אמהות,2006
551957,אבידות ומציאות (סדרת טלוויזיה),2007
243130,אין לה אלוהים,2007
467146,"אמא, לא הרגתי את הבת שלך",2007
1684963,אסקימוסים בגליל,2007
257246,בופור (סרט),2007
413178,ביקור התזמורת,2007
1738614,"החוב (סרט, 2007)",2007
425495,המוסד הסגור,2007
2212560,"המקלט (סרט, 2007)",2007
385368,הסודות,2007
2514220,הרי את (סרט),2007
536716,ואהבת,2007
410296,ויהי חושך ויהי אור,2007
1690986,וסרמיל (סרט),2007
2170470,"חופשת קיץ (סרט, 2007)",2007
1040325,חיי אהבה,2007
243191,ילדי CCCP,2007
801713,ילדי השמש,2007
850568,יפאן יפאן,2007
369184,מדוזות (סרט),2007
395273,מחכים לגודיק,2007
243387,מלך של קבצנים,2007
1925598,מתוק ומר,2007
415038,נודל (סרט),2007
2211420,נימפות בערפל (סרט),2007
1081973,פתח תקווה (סרט),2007
2241392,"רחמים (סרט, 2007)",2007
288513,ריקוד מסוכן,2007
288476,רק כלבים רצים חופשי,2007
1856557,"שחור על לבן (סרט, 2007)",2007
2151946,תהילים (סרט),2007
353079,תנועה מגונה (סרט),2007
826689,$9.99,2008
1663892,אביב 41,2008
554017,איים אבודים (סרט),2008
2247197,אלטלנה (סדרת טלוויזיה),2008
1067804,אמא של ולנטינה,2008
2242321,"אנטארקטיקה (סרט, 2008)",2008
570868,בית אבי (2008),2008
658401,ברוריה (סרט),2008
846432,הבמה החשמלית - אגדת רוקנ'רול,2008
2423007,היא לא תדע (סרט טלוויזיה),2008
1981019,הכל מתחיל בים,2008
1101681,הכתובה (סרט),2008
1482750,המנון (סרט),2008
544262,ואלס עם באשיר,2008
2270450,"חי, דק וצ'פצ'ולה",2008
611737,חייב לזוז,2008
2125151,חסר מנוחה,2008
807041,ירושלים גאה להציג,2008
800113,כוסות רוח לאבא,2008
909704,מדינה זבל,2008
2475503,מוקי בוערה,2008
1077070,מפטיר (סרט),2008
1740532,סוף שבוע בגליל,2008
897341,סוף שבוע בתל אביב,2008
681992,סרוגייט (סרט),2008
900387,עץ לימון (סרט),2008
2242048,פרשת רות,2008
2270080,שבע דקות בגן עדן (סרט),2008
593468,שבעה (סרט),2008
580958,שיטת השקשוקה,2008
2442254,תזכור את זה,2008
1059355,תעלומה במכולה הירוקה,2008
834974,אילי ובן,2009
633820,אצבע אלוהים (סרט),2009
1084002,בדרך אל החתולים (סרט),2009
817903,גחליליות (סרט),2009
2392559,האור השחור,2009
914739,הבודדים,2009
694081,הזמן הוורוד (סרט),2009
1710437,היו לילות (סרט),2009
1292160,היסטוריה של הקולנוע הישראלי (2009),2009
2217041,זוג או פרד (סרט),2009
1491304,חורבה (סרט),2009
752211,חמש שעות מפריז,2009
974442,טייארה,2009
2505142,כבר לא ירושלמי,2009
1045903,כלת הים,2009
1046715,כן המפקדת,2009
705231,לבנון (סרט),2009
2320918,לחיות מחדש,2009
764515,מחכה לו,2009
1043634,"נופל וקם - סיפורה של שב""ק ס'",2009
737575,נתיב המזלות,2009
692360,סיפור גדול,2009
709156,עג'מי (סרט),2009
668977,עיניים פקוחות,2009
737385,קירות (סרט),2009
288519,רגליים קרות (סרט),2009
936975,אווה: שם זמני,2010
564272,ארץ בראשית,2010
1743923,בן חוזר הביתה,2010
1143785,בנא,2010
854470,הדקדוק הפנימי,2010
1000696,המדריך למהפכה,2010
2243200,המשוטט,2010
1640880,התגנבות יחידים (סרט קולנוע),2010
798392,זוהי סדום,2010
1135372,זרמים קטועים,2010
1508449,חבורת ראש כרוב,2010
817125,חיים יקרים,2010
769077,חצי טון ברונזה,2010
847929,כלבת (סרט),2010
1051984,לנין באוקטובר,2010
777776,מאיה (סרט),2010
2515341,מקבל ההחלטות,2010
851348,עוד אני הולך (סרט),2010
755388,פובידיליה,2010
789488,פעם הייתי,2010
812556,שליחותו של הממונה על משאבי אנוש (סרט),2010
860559,שתיקת הארכיון,2010
1082984,אחותי היפה,2011
930838,בוקר טוב אדון פידלמן,2011
1054473,בין השמשות (סרט),2011
964510,ג'ו + בל,2011
858270,גיא אוני (סרט),2011
1104683,דומא (סרט),2011
1071246,הדירה (סרט תיעודי),2011
1046482,ההתחלפות,2011
1002344,החולמות,2011
871269,המשימה X,2011
880397,הערת שוליים (סרט),2011
2183907,הפנטזיה הגדולה של סימיקו הקטן,2011
897714,הצלמניה (סרט),2011
947179,השוטר,2011
1049012,וביום השלישי,2011
1375058,ויהי אור (סרט),2011
2252190,ילדי היטלר (סרט),2011
953022,לא רואים עליך,2011
961184,לאה גולדברג בחמישה בתים,2011
949787,לאן נעלם משה גז,2011
2126647,מבול (סרט),2011
933388,מוסטאר הלוך ושוב,2011
1354242,מוסר השילומים,2011
955592,מורעלים,2011
1076969,מי אתה בשבילי,2011
2515221,סטנד אפ (סרט),2011
1078945,עד סוף הקיץ,2011
1584106,עיניים כאלה,2011
2180589,עמק תפארת,2011
2141396,פלייאוף (סרט),2011
2125742,רסיסי אהבה,2011
957015,שישה מיליון ואחד,2011
969662,שלטון החוק (סרט),2011
1322034,תפרים (סרט),2011
1079173,2 בלילה,2012
1622132,7 הסלילים של יונה וולך,2012
1080413,אורחים לרגע,2012
1051974,איגור ומסע העגורים,2012
1243783,איה (סרט),2012
1086616,"אליס (סרט, 2012)",2012
1081821,אנחנו לא לבד,2012
1082147,אף פעם לא מאוחר מדי,2012
1584101,באטמן במחסום,2012
1035188,בלדה לאביב הבוכה,2012
1043510,ברקיע החמישי,2012
984538,בשר תותחים (סרט),2012
1074967,ג'נטל דוג,2012
988845,"ד""ר פומרנץ",2012
1856753,"הביתה, הלוך חזור (סרט)",2012
1081227,הדילרים,2012
1168553,החיים בינתיים,2012
1044146,המשגיחים,2012
1272287,הנותנת,2012
991971,הסיפור של יוסי,2012
1004427,העולם מצחיק,2012
2479146,השקר הגדול,2012
1070154,זוהר הרקיע,2012
1083902,זמן פוניבז',2012
1036393,חדר 514,2012
1056108,חיותה וברל,2012
1069114,חמש מצלמות שבורות,2012
916393,חתולים על סירת פדלים,2012
1079957,יותר איטי מלב,2012
1054501,לא בתל אביב,2012
1038118,למלא את החלל,2012
1009923,מלאכיות בלבן,2012
1080121,מלח ים (סרט),2012
1056131,מנתק המים,2012
1081294,ניקה (סרט),2012
1040531,נמס בגשם (סרט),2012
1081520,סרק סרק,2012
1063162,עלטה,2012
1067195,קשר חופשי,2012
1035389,רווקה פלוס,2012
1068997,שומרי הסף,2012
1398966,שרקייה (סרט),2012
1054552,שש פעמים,2012
2133581,אנשים כתומים,2013
1131011,בית לחם (סרט),2013
1076523,"בננות (סרט, 2013)",2013
2170601,דבר על מקום הימצאם,2013
1196644,האירוויזיוניסטים,2013
2159216,הבן של אלוהים,2013
1526329,הדיונה (סרט),2013
2222063,הורה 79,2013
1081429,המסע לכוכב המינימיקים,2013
1538653,המעבדה (סרט),2013
1081894,הנוער,2013
1080119,הצגה יומית (סרט),2013
1100676,חלום קוסטוריצה,2013
1984295,יללת הזאבים,2013
1310672,כידון (סרט),2013
1136092,כנס העתידנים (סרט),2013
1140875,לוויה בצהריים,2013
1116608,לצוד פילים,2013
2123778,מחכים לסורקין,2013
1124894,מי מפחד מהזאב הרע (סרט),2013
2134167,מעל הגבעה,2013
1056136,מעשייה אורבנית,2013
2168501,מקום בגן עדן,2013
1112439,משפחת כולאני,2013
2212056,"עיר מקלט (סרט, 2013)",2013
1108009,פלאות,2013
1837238,פנתר לבן (סרט),2013
2184057,פרדייס קרוז,2013
1284040,צל בבגדד,2013
1076525,רוק בקסבה,2013
1143849,רימון הזהב,2013
1510542,שבלולים בגשם,2013
1172930,אושר עטוף בשמיכה,2014
1199333,אפס ביחסי אנוש,2014
1356947,את לי לילה (סרט),2014
1429284,בורג (סרט),2014
1189257,גאליס – המסע לאסטרה,2014
1202727,גט - המשפט של ויויאן אמסלם,2014
2190411,האם זה אתה?,2014
2127721,"הגננת (סרט, 2014)",2014
2129099,הרחק מהיעדרו (סרט),2014
1212958,זינוק בעלייה,2014
2117341,טוביאנסקי (סרט),2014
2127158,יונה (סרט),2014
1167832,מבצע חמניה,2014
1213162,מיתה טובה (סרט),2014
2406894,"מלך היהודים, ביאליק",2014
2254577,מנפאואר (סרט),2014
1185406,מפריח היונים (סרט),2014
1242178,ערבים רוקדים,2014
2131847,פנסיון פראכט,2014
2020960,פריז על המים,2014
1202354,"שגר אותי לחלל, סשה!",2014
1202391,שושנה חלוץ מרכזי,2014
1301318,שניצל (סרט),2014
1584109,תעצמי את העיניים,2014
1304688,אבוללה,2015
1491243,אוריינטד,2015
1295635,איביזה (סרט),2015
1482777,אנה (סרט קצר),2015
1152342,"אני לא מאמין, אני רובוט?!",2015
2155510,ארץ פצועה,2015
1622159,"אשה פשוטה, זלדה",2015
1330664,באבא ג'ון,2015
1424788,בית האילמת,2015
2126071,בלדה ליוסף,2015
1388647,ברש (סרט),2015
1395319,ג'רוזלם (סרט),2015
1937704,גבולות (סרט קצר),2015
1285971,גויאבות,2015
1508423,דץ הבלץ,2015
2129877,ההפך (סרט),2015
1439357,ההר,2015
2139125,היורד למעלה,2015
1289960,המילים הטובות,2015
2406897,"המעורר, י.ח ברנר",2015
2406913,העורב: זאב ז'בוטינסקי,2015
1626283,"העלמה בלובשטיין, רחל",2015
2121680,"הקפות (סרט, 2015)",2015
1142164,הרועה האחרון (סרט),2015
2114670,חתונה מנייר,2015
1995175,ירושלים ממתינה בתור,2015
2138271,ירח בבית 12,2015
1404507,לא רחוב ולא נעליים,2015
1327085,לאן נעלם נימני?,2015
1296931,מה כבר יכול לקרות?!,2015
1332355,מסווג חריג,2015
1389520,משולם (סרט),2015
2123173,נדיה - שם זמני,2015
1348191,סבנה (סרט),2015
2132814,סוף עידן התמימות,2015
1309413,סיפור על אהבה וחושך (סרט),2015
1307230,סיפורי מעשיות של רבי נחמן (סרט),2015
1305595,סרט אפס,2015
1207306,סרט עם קתרין דנב,2015
1308942,פלאפל אטומי,2015
1268047,פרינסס,2015
2224954,צילי,2015
1734110,ציפורי חול,2015
2218450,קמטי צחוק,2015
1583895,שיר ידידות – ר' דוד בוזגלו,2015
1239837,שקופים (סרט),2015
1439294,תפוחים מן המדבר (סרט),2015
1781313,אבינו (סרט),2016
2452597,"אווה (סרט, 2016)",2016
1279865,אח שלי גיבור,2016
2076486,אמור (סרט),2016
1933777,אנטנה (סרט),2016
1446333,אנשים שהם לא אני,2016
1394872,אסור לשחק באוכל,2016
1589490,ארבע על ארבע,2016
2246527,בין העולמות,2016
1853451,"בן-גוריון, אפילוג",2016
1587868,ג'נקשן 48,2016
1348612,גאליס - קונקט,2016
1458166,דימונה טוויסט,2016
1403291,האוצר מעבר לנהר,2016
2217803,הולכת שבעה,2016
1430006,החטאים,2016
2256979,הכל שבור ורוקד,2016
1407697,הלהקה האחרונה בלבנון,2016
2108296,חדרי הבית,2016
1614497,ילד טוב ירושלים,2016
1417199,ישמח חתני (סרט),2016
1456377,"לא פה, לא שם",2016
2116500,לב שקט מאוד,2016
2135394,להציל את נטע,2016
1415391,לעבור את הקיר,2016
2123889,מבחן החלב,2016
1420367,מבצע חתונה (סרט),2016
1600388,מוות בבאר שבע,2016
1491241,מי יאהב אותי עכשיו?,2016
1692484,מעבר להרים ולגבעות,2016
2160402,נמל בית (סרט),2016
1417550,סופת חול (סרט),2016
1626253,עם הפנים לקיר,2016
2220576,עמק (סרט),2016
1429692,עניינים אישיים (סרט),2016
1407710,פוטו פרג' (סרט),2016
2217542,פטר השלישי (סרט),2016
2246654,רוח חדשה (סרט),2016
2118650,שבוע ויום,2016
2021418,אבנייר,2017
2435704,אזימוט (סרט),2017
1554130,אחרייך,2017
1739826,איך מסמנים אהבה,2017
1600107,"אנתרקס (סרט, 2017)",2017
1889187,ארץ זרה,2017
2172308,בית בגליל (2017),2017
1694113,ג'סטה,2017
1519149,געגוע (סרט),2017
1517298,האופה מברלין,2017
1838714,האיש הנעלם – הסיפור של וילפריד ישראל,2017
2130803,הבן-דוד,2017
1521272,המועדון לספרות יפה של הגברת ינקלובה,2017
1957935,הקיר,2017
1694262,ואז היא הגיעה,2017
1518443,טהורה לעד,2017
1488650,כמעט מפורסמת (סרט),2017
1549141,לפני שהרגליים נוגעות בקרקע,2017
1508418,מבצע ביצה,2017
1707977,מדינת הגמדים (סרט),2017
1505807,מועדון החנונים: הסרט,2017
1554070,מות המשוררת,2017
1986427,"מכתב אהבה למ""מ שלי",2017
1525065,מכתוב (סרט),2017
1694140,מסע הטבעת,2017
1600128,משפחה בטרנס,2017
1568446,"סאלח, פה זה ארץ ישראל",2017
1512962,פוקסטרוט (סרט),2017
1544362,פיגומים (סרט),2017
1472261,שדה של חולמים,2017
1556222,3 סיפורי ערבה,2018
1762671,Voice over (סרט),2018
1611694,אגדת המלך שלמה,2018
1737715,איך לשחות,2018
1827688,אין בתולות בקריות,2018
1703052,אישה עובדת,2018
1731331,בוקר טוב ילד,2018
1731339,בלי דם,2018
1731444,גאולה (סרט),2018
1608960,גיבור בעננים,2018
1827166,דרייבר (סרט),2018
2147871,האיש שבקיר (סרט),2018
1608973,הבלתי רשמיים,2018
2032352,הד (סרט),2018
1826598,הלומים,2018
1600444,"המועמד (סרט, 2018)",2018
1624423,"הנשף (סרט, 2018)",2018
2129631,העדות,2018
1612446,הצלילה,2018
1790669,טוקלומטי,2018
1752580,יום רגיל,2018
1614864,יונתן אגסי הציל את חיי,2018
1595322,ישורון: 6 פרקי אבות,2018
2220909,ליידי טיטי,2018
1517031,מוטלים בספק,2018
2265356,מתנחלת (סרט),2018
1826745,סדקים (סרט),2018
1635781,סיפור אחר,2018
1617288,עד הקצה - ג'סטה 2,2018
1621831,"עירום (סרט, 2018)",2018
1625830,עץ תאנה (סרט),2018
1985302,"פרא (סרט ישראלי, 2018)",2018
1623854,פרא אציל (סרט),2018
1685384,פרה אדומה (סרט),2018
1625707,רוצחות מבית טוב,2018
1841752,רכבת קלה (סרט),2018
1626894,שרוכים (סרט),2018
1702696,תל אביב על האש,2018
1702670,15 שנה,2019
1698152,אהבה בשלייקס,2019
1702274,אול אין,2019
1767942,אלוהי הפסנתר,2019
1762294,אפריקה (סרט),2019
1734886,בזמק,2019
1734651,ברזיל אהובתי,2019
1753494,בשורות טובות (סרט),2019
2487406,בשם הבת,2019
1746439,גולדה (סרט תיעודי),2019
2444119,דינה מלול עושה מלחמה,2019
1733318,הדווקאים (סרט),2019
1686418,המוסד (סרט),2019
2276298,המתים של יפו,2019
1765611,הרפתקה בשחקים,2019
1737685,זונה כמוני,2019
1734283,ימים נוראים (סרט),2019
1752549,לידה (סרט),2019
1755383,מחילה (סרט),2019
2218169,מריונטה (סרט),2019
2014870,נתראה בשמחות,2019
1731752,קולות רקע,2019
1909525,אנחנו המהפכה,2020
1898137,אסיה (סרט),2020
2089822,הנה אנחנו,2020
1879609,חתונה הפוכה,2020
2457880,מותו של הקולנוע ושל אבא שלי גם,2020
1948284,על כיסא הבמאי יושבת אישה,2020
1856757,עלייתו ונפילתו של שם טוב האבי,2020
1796081,ענת אלימלך: הילדה הכי יפה בירושלים,2020
2256817,רב הנסתר,2020
2391100,שאיפה לחיים,2020
1943521,שלושה יוסי,2020
1848156,שפר בדרך להוליווד,2020
2003514,אגדת חורבן,2021
1966423,אחד בלב,2021
2091640,אל תחכי לי,2021
2004706,הברך,2021
2408597,החלון הרביעי,2021
2002308,"הטיפול (סרט, 2021)",2021
2005128,המלכה שושנה,2021
2532133,המספר העגול (סרט),2021
2043061,הרפסודה (סרט),2021
2026966,ויהי בוקר,2021
1948773,זרים מושלמים (סרט ישראלי),2021
2007933,כנרת – ים של חיים,2021
2099158,לילות קיץ (סרט),2021
2000044,לשחרר את שולי,2021
2479089,מישהו יאהב מישהו,2021
2135780,סינמה סבאיא,2021
2025781,עוד סיפור אחד,2021
1999369,"עיניים של אבא (סרט, 2021)",2021
2006974,פול ספיד,2021
2012453,צל כבד (סרט),2021
2008219,קופסה כחולה,2021
2011741,"שמלת השבת של חנה'לה (סרט, 2021)",2021
2092901,תוכנית א' (סרט),2021
2094585,תל אביב (סרט),2021
2034323,תמונת הניצחון,2021
2096568,1341 פריימים מהמצלמה של מיכה בר-עם,2022
2132109,40 צעדים,2022
2241399,H2: מעבדת השליטה (סרט),2022
2241045,אדמה בוערת (סרט ישראלי),2022
2121434,אוהב אותך צ'ארלי,2022
2146474,איראן 3,2022
2137636,אנחנו לא ניפרד לעולם,2022
2110456,בוטיק פריז,2022
1949083,בחורים טובים (סרט ישראלי),2022
2184600,בתולים (סרט),2022
2238343,החבר השמן שלי,2022
2110191,המצלמה של דוקטור מוריס,2022
2087059,"הסיפור שלנו (סרט, 2022)",2022
2330822,הפילגש,2022
2432488,"השתיקה (סרט, 2022)",2022
2110474,חומוס FULL טריילר,2022
2170058,כאילו אין מחר,2022
2096906,לוס אנג'לס דרום,2022
2078497,לצאת מבוסייר,2022
2103974,מיני די.וי,2022
2265129,משפט הבנקאים (סרט),2022
2079616,מתחתנת,2022
2536062,סבוטז' (סרט תיעודי),2022
2140564,"סבוי (סרט, 2022)",2022
2440713,עד שתחזור (סרט),2022
2115215,עולה לראש,2022
2108903,עצבני ומהיר: הסיפור של פאסט מיוזיק והפטיפון,2022
2118494,עקרה (סרט),2022
2110024,"קבלו אותי (סרט, 2022)",2022
2129433,"קריוקי (סרט, 2022)",2022
2434689,שער הפרחים (סרט),2022
2324139,"בית (סרט, 2023)",2023
2243424,בתי אהובתי,2023
2244569,גזוז (סרט),2023
2228813,גן קופים,2023
2230916,גרגירי חול,2023
2322160,דניאל אויערבאך,2023
2408716,האקטיביסט. קרל מרקס,2023
2428706,הארוחה,2023
2232413,ההילולה,2023
2319206,החייל הנעלם,2023
2275237,"הילד (סרט, 2023)",2023
2350626,הילה (סרט),2023
2249388,המדרשיה (סרט),2023
2202423,המנצחים (סרט),2023
2341815,המשלחת (סרט),2023
2228466,העיר הזאת (סרט),2023
2513706,העתיד (סרט),2023
2256132,ולריה מתחתנת,2023
2244316,חדר משלו,2023
2322012,חידת שושני,2023
2411683,טור פרידה,2023
2193735,יותר ממה שמגיע לי,2023
2195014,לירז – הגירושים הכפולים של סטטיק,2023
2287076,לרוץ על החול,2023
2437400,"נדל""ן: סיפור אהבה",2023
2449242,סוף טוב (סרט),2023
2231847,סרט בסנטר,2023
2288599,קרב אוויר (סרט),2023
2258730,שבע ברכות (סרט),2023
2493452,שלושתנו (סרט),2023
2369476,10 חודשים,2024
2369488,אבי נשר: מילים להחלפה,2024
2344136,אמצע החיים (סרט),2024
2376508,בחורים טובים 2,2024
2425211,בנות כמונו,2024
2405164,הטבעת,2024
2328892,המעורר (סרט תיעודי),2024
2387308,"העקידה (סרט, 2024)",2024
2395486,הפקות המזרח (סרט),2024
2374757,חלב (סרט),2024
2450514,חליסה (סרט),2024
2346134,חמדה (סרט),2024
2378740,טרופיקנה (סרט),2024
2407552,ימים טובים: סיפורו של זאב רווח,2024
2342088,כביש הסרגל (סרט),2024
2363891,כיסופים (סרט),2024
2423588,לא יום ולא לילה,2024
2390480,לקרוא את לוליטה בטהרן (סרט),2024
2352113,מזל חתולה,2024
2341448,מרוסקים: גולסטאר הסרט,2024
2362495,נקמה יהודית 6,2024
2414354,סודה (סרט),2024
2432418,פינק ליידי,2024
2371942,פרנצ'ישקה (סרט תיעודי),2024
2395483,ציפורים משונות,2024
2396926,קו המים,2024
2366554,קרוב אלי,2024
2382888,רחל מאופקים (סרט),2024
2467030,10 קילו קוקאין,2025
2461083,ההילולה 2 – החתונה,2025
2474341,הים (סרט),2025
2430231,העולם ירעד,2025
2414678,התכשיט,2025
2515786,חשבונות שמיים,2025
2560473,טיוטה:הקרבות של נילי,2025
2466715,יוסף שילוח: בעל החלומות,2025
2412720,ילד זין (סרט),2025
2523286,כי את מכוערת,2025
2425441,למה מלחמה,2025
2460248,לשחרר את שולי סאן,2025
2422355,מופע טוטאל,2025
2493539,מלאכי (סרט),2025
2479526,נאנדאורי,2025
2533567,נער יהודי גאה,2025
2493275,שם טוב האבי 2,2025
2478040,שפה זרה (סרט),2025
2439335,"תמונות יפואיות (סרט, 2024)",2025
2558314,גבעה 338,2026
2533552,הבן יקיר לי (סרט),2026
2523246,הנוסחה (סרט),2026
2554570,חינה אמריקאית,2026
2512162,מפרץ השמש (סרט תיעודי),2026
2554147,עין אחת פקוחה,2026
2554641,עצמאות (סרט),2026
2481001,קופה ראשית – הסרט,2026
2557147,תיכון מגשימים (סרט),2026
